04.01.2006,74.97,74.38,-0.003431337,29.61,29.4,-0.003091077,26.97,26.99,0.000321938
05.01.2006,74.38,76.3,0.011068364,29.4,30.24,0.012234456,26.99,26.91,-0.001289187
06.01.2006,76.3,76.05,-0.00142532,30.24,30.62,0.0054234,26.91,26.86,-0.000807689
09.01.2006,76.05,80.86,0.026634519,30.62,30.78,0.002263429,26.86,27,0.002257756
10.01.2006,80.86,83.9,0.016028224,30.78,31.34,0.007830377,27,27.29,0.004639772
11.01.2006,83.9,84.29,0.002014093,31.34,31.02,-0.004457199,27.29,27.14,-0.002393692
12.01.2006,84.29,85.59,0.006646973,31.02,31.9,0.01214889,27.14,27.19,0.000799364
13.01.2006,85.59,84.71,-0.004488345,31.9,31.66,-0.003279773,27.19,26.99,-0.003206323
17.01.2006,84.71,82.49,-0.011533378,31.66,31.67,0.000137153,26.99,26.83,-0.002582212
18.01.2006,82.49,79.04,-0.018554372,31.67,32.24,0.00774697,26.83,27.02,0.003064672
19.01.2006,79.04,76.09,-0.016519347,32.24,31.74,-0.006788111,27.02,26.41,-0.009916943
20.01.2006,76.09,77.67,0.008925721,31.74,31.34,-0.00550793,26.41,26.35,-0.000987782
23.01.2006,77.67,76.04,-0.009211197,31.34,31.37,0.000415527,26.35,26.28,-0.001155259
24.01.2006,76.04,74.2,-0.010638203,31.37,32.11,0.010125787,26.28,26.4,0.001978566
25.01.2006,74.2,72.33,-0.01108544,32.11,31.6,-0.006953223,26.4,26.5,0.001641947
26.01.2006,72.33,72.03,-0.00180505,31.6,31.29,-0.004281519,26.5,27.79,0.020642673
27.01.2006,72.03,75,0.017547849,31.29,31.28,-0.000138819,27.79,28,0.003269485
30.01.2006,75,75.51,0.002943207,31.28,31.18,-0.001390634,28,28.15,0.002320368
31.01.2006,75.51,75.42,-0.000517942,31.18,31.23,0.000695873,28.15,28.04,-0.00170039
01.02.2006,75.42,72.1,-0.019551263,31.23,30.91,-0.004472979,28.04,27.68,-0.005611924
02.02.2006,72.1,71.85,-0.001508492,30.91,30.56,-0.004945655,27.68,27.54,-0.00220215
03.02.2006,71.85,67.3,-0.028411708,30.56,30.27,-0.004140929,27.54,27.17,-0.005874298
06.02.2006,67.3,67.6,0.001931632,30.27,30.37,0.001432371,27.17,26.94,-0.003692047
07.02.2006,67.6,68.81,0.007704862,30.37,32.01,0.022840882,26.94,26.91,-0.000483894
08.02.2006,68.81,64.95,-0.025072402,32.01,31.6,-0.005598592,26.91,26.66,-0.004053553
09.02.2006,64.95,67.31,0.015500435,31.6,31.51,-0.001238679,26.66,26.69,0.000488429
10.02.2006,67.31,64.71,-0.017108191,31.51,31.74,0.003158519,26.69,26.39,-0.004909184
13.02.2006,64.71,67.64,0.019232199,31.74,32.49,0.010142789,26.39,26.65,0.004257823
14.02.2006,67.64,69.22,0.010027996,32.49,31.67,-0.011101648,26.65,26.88,0.003732051
15.02.2006,69.22,70.57,0.008388522,31.67,34.02,0.031086246,26.88,26.81,-0.00113245
16.02.2006,70.57,70.29,-0.001726574,34.02,34.07,0.000637824,26.81,26.7,-0.001785553
17.02.2006,70.29,69.08,-0.007541214,34.07,32.51,-0.020355164,26.7,26.54,-0.002610343
21.02.2006,69.08,71.32,0.013859006,32.51,32.94,0.005706625,26.54,26.72,0.002935535
22.02.2006,71.32,71.75,0.002610571,32.94,32.37,-0.007580895,26.72,26.66,-0.000976309
23.02.2006,71.75,71.46,-0.001758894,32.37,32.02,-0.004721372,26.66,26.63,-0.000488979
24.02.2006,71.46,70.99,-0.002865836,32.02,33.41,0.018455148,26.63,27.05,0.006796103
27.02.2006,70.99,68.49,-0.01557001,33.41,32.81,-0.007870245,27.05,26.87,-0.002899603
28.02.2006,68.49,69.1,0.003850881,32.81,34.05,0.016110886,26.87,27.14,0.004342177
01.03.2006,69.1,69.61,0.003193586,34.05,34.19,0.001781985,27.14,26.97,-0.002728897
02.03.2006,69.61,67.72,-0.011954684,34.19,33.26,-0.011976856,26.97,26.93,-0.000644593
03.03.2006,67.72,65.48,-0.014608279,33.26,32.86,-0.005254686,26.93,26.91,-0.000322656
06.03.2006,65.48,66.31,0.005470357,32.86,32.96,0.001319644,26.91,27.06,0.002414094
07.03.2006,66.31,65.66,-0.00427815,32.96,32.68,-0.003705155,27.06,27.25,0.003038714
08.03.2006,65.66,63.93,-0.011596174,32.68,32.76,0.001061845,27.25,27,-0.004002742
09.03.2006,63.93,63.19,-0.005056349,32.76,32.99,0.003038422,27,27.17,0.002725874
10.03.2006,63.19,65.68,0.016784789,32.99,33.22,0.003017313,27.17,27.11,-0.000960121
13.03.2006,65.68,67.32,0.010710963,33.22,33.4,0.002346839,27.11,27.23,0.001918124
14.03.2006,67.32,66.23,-0.007089352,33.4,33.89,0.006325102,27.23,27.36,0.002068452
15.03.2006,66.23,64.31,-0.012776245,33.89,33.86,-0.000384615,27.36,27.27,-0.001430955
16.03.2006,64.31,64.66,0.002357191,33.86,34.16,0.003830908,27.27,27.5,0.003647556
17.03.2006,64.66,63.99,-0.00452359,34.16,33.96,-0.00255018,27.5,27.89,0.00611582
20.03.2006,63.99,61.81,-0.015053367,33.96,33.54,-0.005404623,27.89,27.74,-0.002342058
21.03.2006,61.81,61.67,-0.000984795,33.54,33.36,-0.002337016,27.74,27.15,-0.009336623
22.03.2006,61.67,60.16,-0.010766121,33.36,33,-0.004712102,27.15,26.85,-0.004825544
23.03.2006,60.16,59.96,-0.001446203,33,33.17,0.002231532,26.85,27.01,0.002580294
24.03.2006,59.96,59.51,-0.003271674,33.17,33.11,-0.000786291,27.01,27.01,0
27.03.2006,59.51,58.71,-0.00587787,33.11,32.07,-0.013860221,27.01,26.9,-0.001772304
28.03.2006,58.71,62.33,0.025985047,32.07,32.72,0.008714335,26.9,27.02,0.001933065
29.03.2006,62.33,62.75,0.002916603,32.72,32.57,-0.001995536,27.02,27.23,0.003362297
30.03.2006,62.75,62.72,-0.00020768,32.57,32.9,0.004378139,27.23,27.21,-0.0003191
31.03.2006,62.72,62.65,-0.000484974,32.9,33.53,0.008237655,27.21,27.56,0.005550671
03.04.2006,62.65,61.17,-0.010382595,33.53,33.69,0.002067458,27.56,27.64,0.001258825
04.04.2006,61.17,67.21,0.040895415,33.69,34.36,0.008552144,27.64,27.74,0.001568418
05.04.2006,67.21,71.24,0.025290015,34.36,34.1,-0.003298776,27.74,27.56,-0.002827244
06.04.2006,71.24,69.79,-0.008930712,34.1,33.37,-0.009398172,27.56,27.25,-0.004912707
07.04.2006,69.79,68.67,-0.007026151,33.37,33.1,-0.003528213,27.25,27.29,0.000637029
10.04.2006,68.67,67.99,-0.004322006,33.1,32.54,-0.007410445,27.29,27.13,-0.002553742
11.04.2006,67.99,66.71,-0.008254101,32.54,32.33,-0.002811844,27.13,27.2,0.00111911
12.04.2006,66.71,66.47,-0.001565262,32.33,32.62,0.003878252,27.2,27.07,-0.002080648
13.04.2006,66.47,64.81,-0.010983657,32.62,32.03,-0.007927018,27.07,26.84,-0.003705744
17.04.2006,64.81,66.22,0.009347155,32.03,33.48,0.019228511,26.84,27.22,0.006105609
18.04.2006,66.22,65.65,-0.003754446,33.48,32.99,-0.006403134,27.22,27.03,-0.003042075
19.04.2006,65.65,67.63,0.012904657,32.99,33.81,0.010662855,27.03,27.03,0
20.04.2006,67.63,67.04,-0.003805382,33.81,32.96,-0.011057968,27.03,27.15,0.001923788
21.04.2006,67.04,65.75,-0.008438248,32.96,32.9,-0.000791305,27.15,27.11,-0.000640316
24.04.2006,65.75,66.17,0.002765377,32.9,33.01,0.001449626,27.11,27.11,0
25.04.2006,66.17,68.15,0.012804726,33.01,32.8,-0.002771681,27.11,27.1,-0.000160227
26.04.2006,68.15,69.36,0.007643224,32.8,33.26,0.006048401,27.1,27.25,0.002397216
27.04.2006,69.36,70.39,0.006401881,33.26,32.47,-0.010439956,27.25,24.15,-0.052449372
28.04.2006,70.39,69.6,-0.004901726,32.47,32.64,0.002267861,24.15,24.29,0.00251038
01.05.2006,69.6,71.62,0.012425077,32.64,32.32,-0.004278798,24.29,24.01,-0.005035355
02.05.2006,71.62,71.14,-0.002920456,32.32,32.84,0.006931796,24.01,23.17,-0.015466126
03.05.2006,71.14,71.13,-6.10522E-05,32.84,33.29,0.005910647,23.17,23.44,0.005031574
04.05.2006,71.13,71.89,0.004615675,33.29,33.87,0.007501401,23.44,23.8,0.00661935
05.05.2006,71.89,71.89,0,33.87,33.79,-0.001027005,23.8,23.73,-0.001279219
08.05.2006,71.89,71.03,-0.005226669,33.79,33.12,-0.008697864,23.73,23.62,-0.002017845
09.05.2006,71.03,70.6,-0.002637114,33.12,33.08,-0.000524827,23.62,23.77,0.002749288
10.05.2006,70.6,68.15,-0.015338841,33.08,32.53,-0.007281438,23.77,23.22,-0.010166966
11.05.2006,68.15,67.7,-0.002877191,32.53,32.13,-0.005373338,23.22,23.17,-0.000936182
12.05.2006,67.7,67.79,0.000576965,32.13,31.63,-0.006811534,23.17,23.15,-0.000375038
15.05.2006,67.79,64.98,-0.018385927,31.63,31.11,-0.007199181,23.15,23.01,-0.002634377
16.05.2006,64.98,65.26,0.001867362,31.11,32.16,0.014416029,23.01,22.73,-0.005317183
17.05.2006,65.26,63.18,-0.014067448,32.16,32.48,0.00429998,22.73,22.83,0.001906476
18.05.2006,63.18,64.51,0.00904742,32.48,32.02,-0.006194693,22.83,22.56,-0.005166816
19.05.2006,64.51,63.38,-0.007674807,32.02,32.18,0.002164712,22.56,22.88,0.006116925
22.05.2006,63.38,63.15,-0.00157888,32.18,32.11,-0.000945734,22.88,22.79,-0.001711695
23.05.2006,63.15,63.34,0.001304704,32.11,32.37,0.003502394,22.79,23.5,0.013323537
24.05.2006,63.34,64.33,0.006735492,32.37,32.27,-0.001343734,23.5,23.74,0.004412852
25.05.2006,64.33,63.55,-0.005297997,32.27,32.54,0.003618583,23.74,23.72,-0.00036603
26.05.2006,63.55,61.22,-0.01622223,32.54,31.92,-0.008354666,23.72,23.15,-0.010563689
30.05.2006,61.22,59.77,-0.010410069,31.92,32.38,0.006213962,23.15,22.65,-0.009482789
31.05.2006,59.77,62.17,0.017097612,32.38,32.43,0.000670104,22.65,22.82,0.003247434
01.06.2006,62.17,61.66,-0.003577347,32.43,32.4,-0.000401938,22.82,22.76,-0.001143382
02.06.2006,61.66,60,-0.01185227,32.4,31.59,-0.010995384,22.76,22.5,-0.00498974
05.06.2006,60,59.72,-0.002031451,31.59,30.9,-0.009591146,22.5,22.13,-0.007201104
06.06.2006,59.72,58.56,-0.008518731,30.9,30.93,0.000421441,22.13,22.04,-0.001769824
07.06.2006,58.56,60.76,0.016016697,30.93,30.06,-0.012390944,22.04,22.11,0.001377152
08.06.2006,60.76,59.24,-0.011002715,30.06,29.94,-0.00173718,22.11,21.92,-0.003748193
09.06.2006,59.24,57,-0.016740194,29.94,29.87,-0.001016573,21.92,21.71,-0.004180726
12.06.2006,57,58.33,0.010017121,29.87,29.79,-0.001164719,21.71,21.51,-0.004019413
13.06.2006,58.33,57.61,-0.005394101,29.79,30.14,0.005072745,21.51,21.88,0.007406907
14.06.2006,57.61,59.38,0.013142318,30.14,31.88,0.024375065,21.88,22.07,0.003755016
15.06.2006,59.38,57.56,-0.013519408,31.88,33.04,0.015521726,22.07,22.1,0.000589941
16.06.2006,57.56,57.2,-0.002724756,33.04,33.57,0.006911303,22.1,22.55,0.008754273
19.06.2006,57.2,57.47,0.002045168,33.57,32.86,-0.009283782,22.55,22.56,0.000192549
20.06.2006,57.47,57.86,0.002937232,32.86,33.74,0.011477519,22.56,23.08,0.009896709
21.06.2006,57.86,59.58,0.01272207,33.74,32.97,-0.010026131,23.08,22.88,-0.003779784
22.06.2006,59.58,58.83,-0.00550165,32.97,32.66,-0.004102767,22.88,22.5,-0.007273502
23.06.2006,58.83,58.99,0.001179548,32.66,32.49,-0.002266469,22.5,22.82,0.006133122
26.06.2006,58.99,57.43,-0.01163958,32.49,31.94,-0.0074148,22.82,22.86,0.000760586
27.06.2006,57.43,56.02,-0.010795712,31.94,31.59,-0.004785286,22.86,23.16,0.005662329
28.06.2006,56.02,58.97,0.022288023,31.59,32.03,0.006007313,23.16,23.47,0.005774535
29.06.2006,58.97,57.27,-0.012703945,32.03,31.68,-0.004771766,23.47,23.3,-0.003157169
30.06.2006,57.27,57.95,0.005126257,31.68,32.51,0.011231797,23.3,23.7,0.007392425
03.07.2006,57.95,57,-0.007178585,32.51,32.77,0.003459472,23.7,23.35,-0.006461461
05.07.2006,57,55.77,-0.009474211,32.77,33.1,0.004351552,23.35,23.48,0.002411208
06.07.2006,55.77,55.4,-0.00289088,33.1,32.85,-0.00329262,23.48,23.3,-0.003342172
07.07.2006,55.4,55,-0.003147075,32.85,31.93,-0.012336455,23.3,23.5,0.003711941
10.07.2006,55,55.65,0.005102479,31.93,32.54,0.00821863,23.5,23.1,-0.007455882
11.07.2006,55.65,52.96,-0.021517192,32.54,31.67,-0.011769485,23.1,22.64,-0.008735557
12.07.2006,52.96,52.25,-0.005861682,31.67,31.22,-0.006215165,22.64,22.26,-0.007351263
13.07.2006,52.25,50.67,-0.01333539,31.22,30.76,-0.006446568,22.26,22.29,0.000584908
14.07.2006,50.67,52.37,0.01433167,30.76,31.2,0.006168263,22.29,22.48,0.003686238
17.07.2006,52.37,52.9,0.004373098,31.2,30.95,-0.003493941,22.48,22.74,0.004994153
18.07.2006,52.9,54.1,0.009741593,30.95,32.25,0.017869066,22.74,23.4,0.012425397
19.07.2006,54.1,60.5,0.04855811,32.25,31.8,-0.006102599,23.4,22.85,-0.010329653
20.07.2006,60.5,60.72,0.001576388,31.8,30.52,-0.017842591,22.85,23.87,0.018966215
21.07.2006,60.72,61.42,0.004978049,30.52,31.07,0.007756724,23.87,24,0.002358823
24.07.2006,61.42,61.93,0.003591268,31.07,31.33,0.003619142,24,24.22,0.003962897
25.07.2006,61.93,63.87,0.013395836,31.33,31.75,0.005783335,24.22,24.37,0.00268139
26.07.2006,63.87,63.4,-0.003207658,31.75,32.19,0.005977247,24.37,23.87,-0.00900311
27.07.2006,63.4,65.59,0.014748373,32.19,32.11,-0.001080671,23.87,24.25,0.006859324
28.07.2006,65.59,67.96,0.015415739,32.11,31.91,-0.002713501,24.25,24.06,-0.00341612
31.07.2006,67.96,67.18,-0.005013371,31.91,31.67,-0.003278741,24.06,23.99,-0.001265375
01.08.2006,67.18,68.16,0.006289582,31.67,32.5,0.011235298,23.99,24.3,0.005576026
02.08.2006,68.16,69.59,0.009017255,32.5,32.59,0.001200999,24.3,24.21,-0.001611484
03.08.2006,69.59,68.3,-0.008126133,32.59,32.44,-0.002003515,24.21,24.29,0.001432725
04.08.2006,68.3,67.21,-0.006986808,32.44,32.74,0.00399783,24.29,24.22,-0.001253376
07.08.2006,67.21,64.78,-0.015992952,32.74,32.89,0.001985198,24.22,24.34,0.002146435
08.08.2006,64.78,63.59,-0.008052119,32.89,33.06,0.002238976,24.34,24.44,0.001780628
09.08.2006,63.59,64.07,0.003265899,33.06,33.01,-0.000657325,24.44,24.46,0.000355251
10.08.2006,64.07,63.65,-0.002856316,33.01,33.05,0.000525939,24.46,24.43,-0.000532986
11.08.2006,63.65,63.94,0.001974224,33.05,33.29,0.003142331,24.43,24.53,0.001774081
14.08.2006,63.94,66.45,0.016722353,33.29,33.99,0.009037369,24.53,24.62,0.0015905
15.08.2006,66.45,67.98,0.009886175,33.99,34.43,0.005585858,24.62,24.7,0.001408905
16.08.2006,67.98,67.59,-0.002498714,34.43,35.15,0.008988307,24.7,24.7,0
17.08.2006,67.59,67.91,0.002051284,35.15,35.52,0.004547628,24.7,25.79,0.018754389
18.08.2006,67.91,66.56,-0.008720417,35.52,34.89,-0.007771988,25.79,26.12,0.00552183
21.08.2006,66.56,67.62,0.006861853,34.89,35.02,0.001615172,26.12,25.62,-0.008394047
22.08.2006,67.62,67.31,-0.001995576,35.02,35.26,0.002966166,25.62,25.67,0.000846743
23.08.2006,67.31,67.81,0.003214154,35.26,35.38,0.001475521,25.67,25.74,0.001182674
24.08.2006,67.81,68.75,0.005978958,35.38,35.23,-0.001845185,25.74,25.85,0.001852005
25.08.2006,68.75,66.98,-0.011327559,35.23,35.28,0.000615933,25.85,25.95,0.001676815
28.08.2006,66.98,66.48,-0.003254132,35.28,35.76,0.005868934,25.95,25.84,-0.001844853
29.08.2006,66.48,66.96,0.003124434,35.76,36,0.002904991,25.84,25.8,-0.000672803
30.08.2006,66.96,67.85,0.005734407,36,36.56,0.006703686,25.8,25.7,-0.001686583
31.08.2006,67.85,68.38,0.003379244,36.56,36.53,-0.000356515,25.7,25.84,0.002359386
01.09.2006,68.38,71.48,0.019255447,36.53,36.46,-0.000833008,25.84,25.61,-0.003882931
05.09.2006,71.48,70.03,-0.008900417,36.46,35.84,-0.007448663,25.61,25.61,0
06.09.2006,70.03,72.8,0.016847253,35.84,35.42,-0.005119444,25.61,25.43,-0.003063218
07.09.2006,72.8,72.52,-0.001673584,35.42,36.17,0.009099952,25.43,25.6,0.002893605
08.09.2006,72.52,72.5,-0.000119789,36.17,36.36,0.002275366,25.6,25.91,0.005227448
11.09.2006,72.5,72.63,0.000778038,36.36,36.92,0.006637818,25.91,25.93,0.000335104
12.09.2006,72.63,74.2,0.009287861,36.92,36.37,-0.006518391,25.93,25.98,0.00083663
13.09.2006,74.2,74.17,-0.000175626,36.37,36.25,-0.00143529,25.98,26.33,0.005811712
14.09.2006,74.17,74.1,-0.000410071,36.25,36.18,-0.000839448,26.33,26.85,0.008493431
15.09.2006,74.1,73.89,-0.001232541,36.18,36.4,0.002632821,26.85,26.79,-0.000971576
18.09.2006,73.89,73.77,-0.000705883,36.4,36.35,-0.000596968,26.79,26.86,0.001133295
19.09.2006,73.77,75.26,0.008684431,36.35,36.78,0.00510731,26.86,27.18,0.005143444
20.09.2006,75.26,74.65,-0.003534402,36.78,34.87,-0.023159778,27.18,26.9,-0.004497172
21.09.2006,74.65,73,-0.009706952,34.87,35.11,0.002978882,26.9,26.66,-0.003892135
22.09.2006,73,75.75,0.016059777,35.11,35.71,0.007359021,26.66,26.95,0.004698624
25.09.2006,75.75,77.61,0.010535046,35.71,35.7,-0.000121634,26.95,27.2,0.004010135
26.09.2006,77.61,76.41,-0.006767484,35.7,35.39,-0.003787653,27.2,27.44,0.003815203
27.09.2006,76.41,77.01,0.003396924,35.39,35.97,0.007059875,27.44,27.4,-0.000633544
28.09.2006,77.01,76.98,-0.000169217,35.97,36.69,0.008607274,27.4,27.35,-0.000793232
29.09.2006,76.98,74.86,-0.012128084,36.69,37.66,0.011332604,27.35,27.36,0.000158762
02.10.2006,74.86,74.08,-0.004548849,37.66,37.42,-0.002776533,27.36,27.37,0.000158704
03.10.2006,74.08,75.38,0.007555159,37.42,38.02,0.006908329,27.37,27.94,0.008951604
04.10.2006,75.38,74.83,-0.003180388,38.02,37.84,-0.002060985,27.94,27.92,-0.000310988
05.10.2006,74.83,74.22,-0.003554795,37.84,37.72,-0.001379444,27.92,27.87,-0.000778445
06.10.2006,74.22,74.63,0.002392492,37.72,38,0.003211913,27.87,27.72,-0.002343743
09.10.2006,74.63,73.81,-0.004798236,38,37.93,-0.000800754,27.72,27.69,-0.00047027
10.10.2006,73.81,73.23,-0.003426171,37.93,37.87,-0.000687538,27.69,27.54,-0.00235902
11.10.2006,73.23,75.26,0.01187518,37.87,38.42,0.006262055,27.54,28.22,0.010593073
12.10.2006,75.26,75.02,-0.001387154,38.42,38.86,0.004945436,28.22,28.37,0.002302326
13.10.2006,75.02,75.4,0.002194286,38.86,38.76,-0.001119028,28.37,28.45,0.001222935
16.10.2006,75.4,74.29,-0.006440988,38.76,39.06,0.003348471,28.45,28.44,-0.000152679
17.10.2006,74.29,74.53,0.001400763,39.06,39.01,-0.000556289,28.44,28.52,0.001219929
18.10.2006,74.53,78.99,0.025240993,39.01,39.56,0.006080333,28.52,28.29,-0.003516574
19.10.2006,78.99,79.95,0.005246354,39.56,39.38,-0.001980571,28.29,28.43,0.002143912
20.10.2006,79.95,81.46,0.008125938,39.38,39.87,0.005370524,28.43,28.45,0.000305411
23.10.2006,81.46,81.05,-0.002191387,39.87,39.44,-0.004709329,28.45,28.28,-0.002602866
24.10.2006,81.05,81.68,0.00336271,39.44,39.17,-0.002983335,28.28,28.31,0.000460464
25.10.2006,81.68,82.19,0.002703251,39.17,39.17,0,28.31,28.35,0.000613194
26.10.2006,82.19,80.41,-0.009508918,39.17,38.46,-0.007944292,28.35,28.34,-0.000153217
27.10.2006,80.41,80.42,5.40067E-05,38.46,38.92,0.005163552,28.34,28.53,0.002901926
30.10.2006,80.42,81.08,0.003549671,38.92,38.74,-0.002013215,28.53,28.71,0.002731421
31.10.2006,81.08,79.16,-0.010407954,38.74,38.55,-0.002135234,28.71,28.81,0.001510066
01.11.2006,79.16,78.98,-0.000988656,38.55,38.59,0.000450396,28.81,28.77,-0.000603396
02.11.2006,78.98,78.29,-0.003810836,38.59,38.22,-0.004184096,28.77,28.73,-0.000604236
03.11.2006,78.29,79.71,0.007806516,38.22,38.73,0.005756814,28.73,28.84,0.00165963
06.11.2006,79.71,80.51,0.004337018,38.73,38.7,-0.000336532,28.84,28.95,0.001653312
07.11.2006,80.51,82.45,0.010340833,38.7,38.88,0.002015291,28.95,28.98,0.000449813
08.11.2006,82.45,83.34,0.004662836,38.88,39.56,0.007530027,28.98,29.26,0.004175941
09.11.2006,83.34,83.12,-0.001147962,39.56,39.99,0.004695121,29.26,29.24,-0.000296954
10.11.2006,83.12,84.35,0.006379552,39.99,40.22,0.002490662,29.24,29.35,0.001630737
13.11.2006,84.35,85,0.003333839,40.22,40.67,0.004832106,29.35,29.23,-0.00177929
14.11.2006,85,84.05,-0.004881208,40.67,39.79,-0.009500233,29.23,29.12,-0.001637445
15.11.2006,84.05,85.61,0.007986779,39.79,40.13,0.003695221,29.12,29.47,0.005188765
16.11.2006,85.61,85.85,0.001215802,40.13,39.77,-0.003913569,29.47,29.4,-0.001032805
17.11.2006,85.85,86.47,0.003125159,39.77,39.71,-0.000655704,29.4,29.89,0.007178585
20.11.2006,86.47,88.6,0.010568263,39.71,39.99,0.003051517,29.89,29.92,0.000435674
21.11.2006,88.6,90.31,0.00830212,39.99,39.72,-0.002942164,29.92,29.92,0
22.11.2006,90.31,91.63,0.006301844,39.72,39.56,-0.001752957,29.92,29.76,-0.002328662
24.11.2006,91.63,89.54,-0.010020597,39.56,38.64,-0.010219165,29.76,29.48,-0.004105448
27.11.2006,89.54,91.81,0.010872897,38.64,38.87,0.002577423,29.48,29.39,-0.001327893
28.11.2006,91.81,91.8,-4.73062E-05,38.87,39.39,0.00577144,29.39,29.57,0.002651738
29.11.2006,91.8,91.66,-0.000662828,39.39,39.46,0.0007711,29.57,29.36,-0.003095273
30.11.2006,91.66,91.32,-0.00161395,39.46,39.44,-0.000220175,29.36,29.12,-0.003564681
01.12.2006,91.32,91.12,-0.000952192,39.44,39.86,0.004600388,29.12,29.33,0.003120692
04.12.2006,91.12,91.27,0.000714339,39.86,39.91,0.000544433,29.33,29.13,-0.002971578
05.12.2006,91.27,89.83,-0.006906651,39.91,40.14,0.00249564,29.13,28.99,-0.002092269
06.12.2006,89.83,87.04,-0.013702517,40.14,39.86,-0.003040074,28.99,28.85,-0.002102398
07.12.2006,87.04,88.26,0.006045041,39.86,39.64,-0.002403649,28.85,29.4,0.008201513
08.12.2006,88.26,88.75,0.002404439,39.64,40.01,0.004034906,29.4,29.54,0.002063161
11.12.2006,88.75,86.14,-0.012963494,40.01,39.83,-0.001958245,29.54,29.43,-0.001620229
12.12.2006,86.14,89.05,0.014429056,39.83,39.67,-0.001748106,29.43,29.55,0.001767223
13.12.2006,89.05,88.55,-0.002445358,39.67,39.91,0.002619527,29.55,30.07,0.007575943
14.12.2006,88.55,87.72,-0.004089943,39.91,39.94,0.000326333,30.07,30.19,0.001729685
15.12.2006,87.72,85.47,-0.011284919,39.94,40.03,0.00097753,30.19,29.89,-0.004337198
18.12.2006,85.47,86.31,0.004247413,40.03,40.43,0.004318151,29.89,29.99,0.001450551
19.12.2006,86.31,84.76,-0.007870169,40.43,41.34,0.009666731,29.99,30.09,0.001445722
20.12.2006,84.76,82.9,-0.009636417,41.34,40.8,-0.005710309,30.09,29.98,-0.001590559
21.12.2006,82.9,82.2,-0.003682713,40.8,40.63,-0.001813341,29.98,29.64,-0.004953429
22.12.2006,82.2,81.51,-0.003660924,40.63,40.93,0.003194922,29.64,29.99,0.005098266
26.12.2006,81.51,81.52,5.32779E-05,40.93,41.6,0.007051586,29.99,30.02,0.000434222
27.12.2006,81.52,80.87,-0.003476728,41.6,41.36,-0.002512801,30.02,29.98,-0.000579059
28.12.2006,80.87,84.84,0.020813217,41.36,41.19,-0.001788738,29.98,29.86,-0.001741825
29.12.2006,84.84,83.8,-0.005356641,41.19,41.62,0.004510284,29.86,29.86,0
03.01.2007,83.8,85.66,0.009534051,41.62,41.68,0.000625634,29.86,29.81,-0.000727827
04.01.2007,85.66,85.05,-0.003103752,41.68,42.2,0.005384741,29.81,29.64,-0.002483777
05.01.2007,85.05,85.47,0.002139386,42.2,41.97,-0.002373482,29.64,29.93,0.004228518
08.01.2007,85.47,92.57,0.03465656,41.97,42.2,0.002373482,29.93,29.96,0.000435092
09.01.2007,92.57,97,0.020301471,42.2,42.2,0,29.96,29.66,-0.004370662
10.01.2007,97,95.8,-0.005406225,42.2,42.64,0.004504745,29.66,30.7,0.014967229
11.01.2007,95.8,94.62,-0.005382565,42.64,43.53,0.008971471,30.7,31.21,0.007155393
12.01.2007,94.62,97.1,0.011236286,43.53,43.2,-0.00330492,31.21,31.16,-0.00069632
16.01.2007,97.1,94.95,-0.009724261,43.2,42.49,-0.007197016,31.16,31.1,-0.00083706
17.01.2007,94.95,89.07,-0.027763517,42.49,42.34,-0.001535877,31.1,31,-0.001398695
18.01.2007,89.07,88.5,-0.002788182,42.34,42,-0.003501563,31,31.11,0.001538317
19.01.2007,88.5,86.79,-0.008473582,42,42.02,0.000206758,31.11,30.72,-0.0054788
22.01.2007,86.79,85.7,-0.005488866,42.02,42.31,0.002986977,30.72,30.74,0.000282652
23.01.2007,85.7,86.7,0.005038276,42.31,42.39,0.000820391,30.74,31.09,0.004916859
24.01.2007,86.7,86.25,-0.002259994,42.39,41.71,-0.007023227,31.09,30.45,-0.009033425
25.01.2007,86.25,85.38,-0.004402953,41.71,41.69,-0.000208295,30.45,30.6,0.00213413
26.01.2007,85.38,85.94,0.002839199,41.69,42.42,0.007538769,30.6,30.53,-0.000994622
29.01.2007,85.94,85.55,-0.001975335,42.42,43.11,0.007007359,30.53,30.48,-0.000711842
30.01.2007,85.55,85.73,0.00091281,43.11,43.28,0.001709229,30.48,30.86,0.005380959
31.01.2007,85.73,84.74,-0.005044364,43.28,42.36,-0.009331301,30.86,30.56,-0.004242572
01.02.2007,84.74,84.75,5.12472E-05,42.36,42.07,-0.002983439,30.56,30.19,-0.005290237
02.02.2007,84.75,83.94,-0.004170742,42.07,42.81,0.007572716,30.19,29.61,-0.008424706
05.02.2007,83.94,84.15,0.001085155,42.81,42.01,-0.008192546,29.61,29.51,-0.001469198
06.02.2007,84.15,86.15,0.010201161,42.01,42.3,0.002987686,29.51,29.37,-0.002065263
07.02.2007,86.15,86.18,0.000151208,42.3,42.47,0.001741894,29.37,29.26,-0.001629625
08.02.2007,86.18,83.27,-0.014917925,42.47,42.23,-0.00246118,29.26,28.98,-0.004175941
09.02.2007,83.27,84.88,0.008316806,42.23,42.1,-0.001338986,28.98,28.94,-0.000599854
12.02.2007,84.88,84.7,-0.000921961,42.1,42.59,0.005025544,28.94,29.01,0.001049202
13.02.2007,84.7,85.3,0.003065621,42.59,42.83,0.002440434,29.01,29.4,0.005799602
14.02.2007,85.3,85.21,-0.000458466,42.83,42.68,-0.001523664,29.4,29.46,0.000885412
15.02.2007,85.21,84.83,-0.001941098,42.68,42.77,0.00091484,29.46,28.74,-0.010745979
16.02.2007,84.83,85.9,0.005443697,42.77,43.13,0.003640208,28.74,28.83,0.001357879
20.02.2007,85.9,89.2,0.016371691,43.13,41.1,-0.020937636,28.83,29.35,0.007763463
21.02.2007,89.2,89.51,0.001506703,41.1,40.78,-0.0033946,29.35,29.39,0.00059148
22.02.2007,89.51,89.07,-0.002140105,40.78,40.82,0.000425779,29.39,28.9,-0.007301743
23.02.2007,89.07,88.51,-0.002739112,40.82,40.29,-0.005675733,28.9,29.07,0.002547189
26.02.2007,88.51,83.93,-0.023075118,40.29,38.92,-0.015024436,29.07,27.87,-0.018308063
27.02.2007,83.93,84.61,0.003504472,38.92,39.35,0.004771905,27.87,28.17,0.004649878
28.02.2007,84.61,87.06,0.012396968,39.35,38.93,-0.004660333,28.17,28.09,-0.001235108
01.03.2007,87.06,85.41,-0.008309941,38.93,38.67,-0.002910232,28.09,27.76,-0.005132277
02.03.2007,85.41,86.32,0.00460271,38.67,38.75,0.000897535,27.76,27.55,-0.003297859
05.03.2007,86.32,88.19,0.009307911,38.75,39.43,0.00755507,27.55,27.83,0.004391603
06.03.2007,88.19,87.72,-0.00232072,39.43,40.17,0.008075055,27.83,27.61,-0.0034468
07.03.2007,87.72,88,0.001384049,40.17,40.27,0.001079798,27.61,27.32,-0.004585712
08.03.2007,88,87.97,-0.00014808,40.27,40.11,-0.001728968,27.32,27.29,-0.000477159
09.03.2007,87.97,89.87,0.00928015,40.11,40.37,0.002806087,27.29,27.44,0.002380571
12.03.2007,89.87,88.4,-0.007162477,40.37,39.55,-0.008912262,27.44,26.72,-0.011547653
13.03.2007,88.4,90,0.007790244,39.55,39.79,0.002627451,26.72,27.4,0.010914109
14.03.2007,90,89.57,-0.002079935,39.79,39.7,-0.000983432,27.4,27.28,-0.001906197
15.03.2007,89.57,89.59,9.69624E-05,39.7,39.91,0.002291221,27.28,27.33,0.000795266
16.03.2007,89.59,91.13,0.007401834,39.91,40.21,0.003252345,27.33,27.83,0.007873575
19.03.2007,91.13,91.48,0.001664786,40.21,39.61,-0.006529231,27.83,27.84,0.000156025
20.03.2007,91.48,93.87,0.011200662,39.61,40.19,0.006313164,27.84,28.52,0.01048029
21.03.2007,93.87,93.96,0.00041619,40.19,40.45,0.00280052,28.52,28.27,-0.003823713
22.03.2007,93.96,93.52,-0.00203851,40.45,40.43,-0.000214785,28.27,28.02,-0.003857678
23.03.2007,93.52,95.85,0.010687619,40.43,40.44,0.000107406,28.02,28.22,0.003088878
26.03.2007,95.85,95.46,-0.001770687,40.44,40.23,-0.002261114,28.22,27.72,-0.007763783
27.03.2007,95.46,93.24,-0.010219165,40.23,39.79,-0.004776093,27.72,27.64,-0.001255187
28.03.2007,93.24,93.75,0.002369012,39.79,40,0.002286052,27.64,27.75,0.001724949
29.03.2007,93.75,92.91,-0.003908816,40,40.14,0.001517377,27.75,27.87,0.001873981
30.03.2007,92.91,93.65,0.003445322,40.14,40.31,0.00183543,27.87,27.74,-0.002030512
02.04.2007,93.65,94.5,0.003924027,40.31,40.89,0.006204312,27.74,27.87,0.002030512
03.04.2007,94.5,94.27,-0.001058301,40.89,41.1,0.002224711,27.87,28.5,0.009707891
04.04.2007,94.27,94.68,0.001884742,41.1,41.8,0.00733446,28.5,28.55,0.000761253
05.04.2007,94.68,93.65,-0.004750468,41.8,41.34,-0.004805809,28.55,28.57,0.000304128
09.04.2007,93.65,94.25,0.002773577,41.34,40.72,-0.006562703,28.57,28.4,-0.0025919
10.04.2007,94.25,92.59,-0.007717275,40.72,40.73,0.000106641,28.4,28.11,-0.004457494
11.04.2007,92.59,92.19,-0.001880269,40.73,41.12,0.004138696,28.11,28.54,0.006593123
12.04.2007,92.19,90.24,-0.009284728,41.12,41.18,0.000633236,28.54,28.61,0.001063889
13.04.2007,90.24,91.43,0.005689633,41.18,41.19,0.00010545,28.61,28.73,0.001817768
16.04.2007,91.43,90.35,-0.005160563,41.19,41.21,0.000210823,28.73,28.85,0.001810191
17.04.2007,90.35,90.4,0.000240274,41.21,40.98,-0.00243066,28.85,28.6,-0.003779784
18.04.2007,90.4,90.27,-0.000624988,40.98,41.15,0.001797885,28.6,28.69,0.001364515
19.04.2007,90.27,90.97,0.003354752,41.15,41.37,0.002315681,28.69,29.02,0.00496686
20.04.2007,90.97,93.51,0.011959862,41.37,41.41,0.00041971,29.02,28.78,-0.003606619
23.04.2007,93.51,93.24,-0.001255792,41.41,41.65,0.002509775,28.78,28.79,0.000150875
24.04.2007,93.24,95.35,0.009718433,41.65,41.87,0.002287955,28.79,28.99,0.00300655
25.04.2007,95.35,98.84,0.015612039,41.87,42.04,0.001759746,28.99,29.1,0.001644774
26.04.2007,98.84,99.92,0.004719689,42.04,42.29,0.002574978,29.1,30.12,0.014961979
27.04.2007,99.92,99.8,-0.000521884,42.29,42.14,-0.001543154,30.12,29.94,-0.002603172
30.04.2007,99.8,99.47,-0.001438423,42.14,42.92,0.007965182,29.94,30.4,0.006621788
01.05.2007,99.47,100.39,0.003998336,42.92,42.93,0.000101175,30.4,30.61,0.002989746
02.05.2007,100.39,100.4,4.32586E-05,42.93,42.83,-0.001012814,30.61,30.97,0.005077876
03.05.2007,100.4,100.81,0.001769902,42.83,43.79,0.009626871,30.97,30.56,-0.005787855
04.05.2007,100.81,103.92,0.013195523,43.79,43.8,9.91653E-05,30.56,30.71,0.002126467
07.05.2007,103.92,105.06,0.004738258,43.8,45.01,0.011834902,30.71,30.75,0.000565304
08.05.2007,105.06,106.88,0.007459049,45.01,44.93,-0.000772594,30.75,30.78,0.000423495
09.05.2007,106.88,107.34,0.001865146,44.93,44.67,-0.002520466,30.78,30.58,-0.002831134
10.05.2007,107.34,108.74,0.005627738,44.67,45.24,0.005506644,30.58,30.89,0.004380427
11.05.2007,108.74,109.36,0.002469173,45.24,45.02,-0.002117106,30.89,30.97,0.001123297
14.05.2007,109.36,107.52,-0.007369246,45.02,44.75,-0.002612451,30.97,30.9,-0.000982726
15.05.2007,107.52,107.34,-0.000727665,44.75,45.21,0.004441467,30.9,31.07,0.002382774
16.05.2007,107.34,109.44,0.008414493,45.21,44.87,-0.003278438,31.07,30.98,-0.00125984
17.05.2007,109.44,110.02,0.002295556,44.87,44.58,-0.002816005,30.98,30.83,-0.002107889
18.05.2007,110.02,111.98,0.007668823,44.58,45.22,0.006190494,30.83,31.05,0.00308808
21.05.2007,111.98,113.54,0.006008427,45.22,45.58,0.003443763,31.05,30.69,-0.005064716
22.05.2007,113.54,112.89,-0.002493417,45.58,45.63,0.000476148,30.69,30.58,-0.001559407
23.05.2007,112.89,110.69,-0.008547086,45.63,45.4,-0.002194616,30.58,30.17,-0.005862171
24.05.2007,110.69,113.62,0.011346397,45.4,45.62,0.002099428,30.17,30.48,0.004439652
25.05.2007,113.62,114.35,0.002781384,45.62,45.56,-0.000571566,30.48,30.79,0.004394726
29.05.2007,114.35,118.77,0.016470588,45.56,45.67,0.001047296,30.79,31.11,0.004490322
30.05.2007,118.77,121.19,0.008760029,45.67,45.71,0.00038021,31.11,30.69,-0.005903123
31.05.2007,121.19,118.4,-0.010115083,45.71,45.81,0.00094907,30.69,30.59,-0.001417411
01.06.2007,118.4,121.33,0.010616495,45.81,45.98,0.001608675,30.59,30.72,0.001841734
04.06.2007,121.33,122.67,0.004770168,45.98,45.92,-0.000567088,30.72,30.58,-0.00198373
05.06.2007,122.67,123.64,0.003420631,45.92,46.03,0.001039096,30.58,30.29,-0.004138208
06.06.2007,123.64,124.07,0.001507786,46.03,45.41,-0.005889473,30.29,29.62,-0.009714219
07.06.2007,124.07,124.49,0.001467685,45.41,45.78,0.003524286,29.62,30.05,0.006259422
08.06.2007,124.49,120.19,-0.015266132,45.78,45.89,0.001042269,30.05,30.02,-0.000433788
11.06.2007,120.19,120.38,0.000686004,45.89,45.06,-0.00792687,30.02,29.85,-0.002466352
12.06.2007,120.38,117.5,-0.010516472,45.06,45.5,0.004220209,29.85,30.39,0.007786365
13.06.2007,117.5,118.75,0.004595752,45.5,45.67,0.001619615,30.39,30.52,0.001853829
14.06.2007,118.75,120.5,0.006353429,45.67,45.71,0.00038021,30.52,30.49,-0.000427105
15.06.2007,120.5,125.09,0.016235546,45.71,45.89,0.001706836,30.49,30.51,0.000284783
18.06.2007,125.09,123.66,-0.00499335,45.89,45.9,9.46278E-05,30.51,30.46,-0.000712309
19.06.2007,123.66,121.55,-0.007474279,45.9,45.04,-0.008214304,30.46,30.01,-0.006463904
20.06.2007,121.55,123.9,0.008316343,45.04,45.5,0.004413015,30.01,30.22,0.003028465
21.06.2007,123.9,123,-0.003166195,45.5,45.18,-0.00306517,30.22,29.49,-0.010619687
22.06.2007,123,122.34,-0.002336635,45.18,44.94,-0.002313159,29.49,29.49,0
25.06.2007,122.34,119.65,-0.009655773,44.94,44.64,-0.002908882,29.49,29.52,0.000441581
26.06.2007,119.65,121.89,0.008055374,44.64,45.19,0.005318155,29.52,29.87,0.005118869
27.06.2007,121.89,120.56,-0.004764838,45.19,44.61,-0.005610118,29.87,29.83,-0.000581969
28.06.2007,120.56,122.04,0.00529896,44.61,44.62,9.73427E-05,29.83,29.47,-0.005273118
29.06.2007,122.04,121.26,-0.002784635,44.62,45.19,0.005512775,29.47,29.74,0.003960828
02.07.2007,121.26,127.17,0.020667107,45.19,45.58,0.00373198,29.74,30.02,0.004069724
03.07.2007,127.17,132.75,0.018649858,45.58,45.9,0.003038365,30.02,29.99,-0.000434222
05.07.2007,132.75,132.3,-0.001474686,45.9,45.98,0.000756281,29.99,29.97,-0.000289723
06.07.2007,132.3,130.33,-0.006515449,45.98,45.36,-0.005895921,29.97,29.87,-0.00145152
09.07.2007,130.33,132.35,0.00667955,45.36,44.94,-0.004039978,29.87,29.33,-0.00792316
10.07.2007,132.35,132.39,0.000131237,44.94,45.65,0.006807714,29.33,29.49,0.00236271
11.07.2007,132.39,134.07,0.005476427,45.65,47.35,0.015879201,29.49,30.07,0.008458656
12.07.2007,134.07,137.73,0.011696938,47.35,47.25,-0.00091817,30.07,29.82,-0.003625789
13.07.2007,137.73,138.1,0.001165131,47.25,47.44,0.001742868,29.82,30.03,0.003047693
16.07.2007,138.1,138.91,0.002539833,47.44,47.51,0.00064035,30.03,30.78,0.010713283
17.07.2007,138.91,138.12,-0.002476942,47.51,47.14,-0.003395452,30.78,30.92,0.00197087
18.07.2007,138.12,140,0.005871466,47.14,48.4,0.011455783,30.92,31.51,0.008208918
19.07.2007,140,143.75,0.011479818,48.4,48.54,0.00125441,31.51,31.16,-0.004850954
20.07.2007,143.75,143.7,-0.000151085,48.54,48.43,-0.000985303,31.16,31.19,0.000417926
23.07.2007,143.7,134.89,-0.027477013,48.43,47.61,-0.007416288,31.19,30.8,-0.005464658
24.07.2007,134.89,137.26,0.00756424,47.61,47.54,-0.000639004,30.8,30.71,-0.0012709
25.07.2007,137.26,146,0.026808861,47.54,47.1,-0.00403827,30.71,29.98,-0.010448188
26.07.2007,146,143.85,-0.00644299,47.1,46.46,-0.005941702,29.98,29.39,-0.008632042
27.07.2007,143.85,141.43,-0.007368325,46.46,46.14,-0.003001615,29.39,29.4,0.000147744
30.07.2007,141.43,131.76,-0.030757955,46.14,46.03,-0.001036615,29.4,28.99,-0.006099115
31.07.2007,131.76,135,0.010550182,46.03,46.73,0.006554806,28.99,29.3,0.004619405
01.08.2007,135,136.49,0.004767065,46.73,48.23,0.013721481,29.3,29.52,0.003248733
02.08.2007,136.49,131.85,-0.0150207,48.23,47.41,-0.007447307,29.52,28.96,-0.008317796
03.08.2007,131.85,135.25,0.01105714,47.41,48.46,0.009513454,28.96,29.54,0.008611933
06.08.2007,135.25,135.03,-0.000707006,48.46,48.48,0.000179201,29.54,29.55,0.000146994
07.08.2007,135.03,134.01,-0.00329306,48.48,49.4,0.008164338,29.55,30,0.00656377
08.08.2007,134.01,126.39,-0.025424493,49.4,47.02,-0.021444324,30,29.3,-0.010253634
09.08.2007,126.39,125,-0.004802701,47.02,47.21,0.001751376,29.3,28.71,-0.008834428
10.08.2007,125,127.79,0.009586857,47.21,48.43,0.011080469,28.71,28.63,-0.001211844
13.08.2007,127.79,124.03,-0.012970126,48.43,47.28,-0.010437001,28.63,28.27,-0.00549554
14.08.2007,124.03,119.9,-0.014707561,47.28,46.15,-0.010505763,28.27,28.1,-0.002619489
15.08.2007,119.9,117.05,-0.010447765,46.15,46.05,-0.000942071,28.1,27.81,-0.004505331
16.08.2007,117.05,122.06,0.018201948,46.05,47.15,0.010252063,27.81,28.25,0.006817463
17.08.2007,122.06,122.22,0.000568914,47.15,46.58,-0.005282213,28.25,28.26,0.000153705
20.08.2007,122.22,127.57,0.018606276,46.58,46.01,-0.005347251,28.26,28.07,-0.002929745
21.08.2007,127.57,132.51,0.016500098,46.01,46.42,0.003852903,28.07,28.22,0.002314597
22.08.2007,132.51,131.07,-0.004745355,46.42,47.65,0.011357769,28.22,28.3,0.001229426
23.08.2007,131.07,135.3,0.013794497,47.65,48.1,0.004082171,28.3,28.81,0.007756823
24.08.2007,135.3,132.25,-0.009902116,48.1,47.79,-0.002808046,28.81,28.49,-0.004850809
27.08.2007,132.25,126.82,-0.018207932,47.79,46.88,-0.008349428,28.49,27.93,-0.008621514
28.08.2007,126.82,134.08,0.024176252,46.88,48.42,0.014037182,27.93,28.59,0.01014322
29.08.2007,134.08,136.25,0.00697251,48.42,48.44,0.000179349,28.59,28.45,-0.002131885
30.08.2007,136.25,138.48,0.007050544,48.44,49.35,0.008083023,28.45,28.73,0.004253355
31.08.2007,138.48,144.16,0.017457719,49.35,50.14,0.006897173,28.73,28.81,0.001207632
04.09.2007,144.16,136.76,-0.022885682,50.14,50.1,-0.000346604,28.81,28.48,-0.005003273
05.09.2007,136.76,135.01,-0.005593155,50.1,50.19,0.00077947,28.48,28.91,0.006508107
06.09.2007,135.01,131.77,-0.010549391,50.19,48.85,-0.011752628,28.91,28.44,-0.0071185
07.09.2007,131.77,136.71,0.015983737,48.85,49,0.001331512,28.44,28.48,0.000610393
10.09.2007,136.71,135.49,-0.003893041,49,49.87,0.007643288,28.48,28.93,0.006808449
11.09.2007,135.49,136.85,0.004337559,49.87,48.76,-0.009775671,28.93,28.93,0
12.09.2007,136.85,137.2,0.00110931,48.76,48.77,8.90586E-05,28.93,29.16,0.003439086
13.09.2007,137.2,138.81,0.005066643,48.77,48.38,-0.003486892,29.16,29.04,-0.001790908
14.09.2007,138.81,138.41,-0.001253286,48.38,49.14,0.006769288,29.04,28.73,-0.004660986
17.09.2007,138.41,140.92,0.007805166,49.14,50.17,0.009008949,28.73,28.93,0.003012808
18.09.2007,140.92,140.77,-0.000462524,50.17,49.78,-0.003389209,28.93,28.67,-0.003920741
19.09.2007,140.77,140.31,-0.001421486,49.78,50.1,0.002782834,28.67,28.42,-0.003803619
20.09.2007,140.31,144.15,0.011726022,50.1,50.53,0.003711572,28.42,28.65,0.003500553
21.09.2007,144.15,148.28,0.012267931,50.53,50.24,-0.002499668,28.65,29.08,0.006469776
24.09.2007,148.28,153.18,0.014119488,50.24,50.98,0.0063502,29.08,29.56,0.007110028
25.09.2007,153.18,152.77,-0.001163987,50.98,50.62,-0.00307769,29.56,29.5,-0.000882414
26.09.2007,152.77,154.5,0.004890405,50.62,50.27,-0.003013256,29.5,29.49,-0.000147243
27.09.2007,154.5,153.47,-0.002904991,50.27,49.79,-0.004166759,29.49,29.46,-0.00044203
28.09.2007,153.47,156.34,0.008046615,49.79,50.98,0.010257705,29.46,29.77,0.004546092
01.10.2007,156.34,158.45,0.005822136,50.98,51.04,0.000510835,29.77,29.7,-0.001022385
02.10.2007,158.45,157.92,-0.001455108,51.04,50.36,-0.005824944,29.7,29.45,-0.00367115
03.10.2007,157.92,156.24,-0.004644905,50.36,50.47,0.000947583,29.45,29.71,0.003817353
04.10.2007,156.24,161.45,0.014245819,50.47,50.9,0.003684478,29.71,29.84,0.001896167
05.10.2007,161.45,167.91,0.017038512,50.9,52.03,0.009536044,29.84,29.84,0
08.10.2007,167.91,167.86,-0.000129343,52.03,52.46,0.00357446,29.84,30.1,0.003767677
09.10.2007,167.86,166.79,-0.00277721,52.46,52.25,-0.001741991,30.1,30.23,0.001871652
10.10.2007,166.79,162.23,-0.01203884,52.25,51.61,-0.005352436,30.23,29.91,-0.004621734
11.10.2007,162.23,167.25,0.013234958,51.61,51.55,-0.000505189,29.91,30.17,0.003758897
12.10.2007,167.25,166.98,-0.00070167,51.55,51.24,-0.002619549,30.17,30.04,-0.001875382
15.10.2007,166.98,169.58,0.006710174,51.24,51.51,0.002282429,30.04,30.32,0.004029269
16.10.2007,169.58,172.75,0.008043425,51.51,52.54,0.008598519,30.32,31.08,0.010751813
17.10.2007,172.75,173.5,0.001881423,52.54,52.87,0.002719242,31.08,31.16,0.001116439
18.10.2007,173.5,170.42,-0.007778918,52.87,51.4,-0.012246191,31.16,30.17,-0.014022139
19.10.2007,170.42,174.36,0.009926299,51.4,51.29,-0.00093042,30.17,30.51,0.004866897
22.10.2007,174.36,186.16,0.02843951,51.29,51.86,0.004799813,30.51,30.9,0.005516272
23.10.2007,186.16,185.93,-0.000536901,51.86,51.6,-0.002182811,30.9,31.25,0.004891542
24.10.2007,185.93,182.78,-0.007420796,51.6,51.39,-0.001771084,31.25,31.99,0.010164218
25.10.2007,182.78,184.7,0.004538222,51.39,52.47,0.009032447,31.99,35.03,0.039425897
26.10.2007,184.7,185.09,0.00091606,52.47,51.77,-0.005832899,35.03,34.57,-0.005740758
29.10.2007,185.09,187,0.004458651,51.77,51.59,-0.001512637,34.57,35.57,0.012384486
30.10.2007,187,189.95,0.006797691,51.59,51.68,0.000756977,35.57,36.81,0.014881952
31.10.2007,189.95,187.44,-0.005777022,51.68,51.5,-0.001515276,36.81,37.06,0.002939598
01.11.2007,187.44,187.87,0.00099516,51.5,52.4,0.007524058,37.06,37.06,0
02.11.2007,187.87,186.18,-0.003924409,52.4,52.54,0.001158781,37.06,36.73,-0.003884487
05.11.2007,186.18,191.79,0.012892933,52.54,53.41,0.00713251,36.73,36.41,-0.003800249
06.11.2007,191.79,186.3,-0.012613104,53.41,51.84,-0.012957585,36.41,35.52,-0.010747722
07.11.2007,186.3,175.47,-0.026009979,51.84,49.94,-0.016216455,35.52,34.74,-0.009643143
08.11.2007,175.47,165.37,-0.02574615,49.94,48.39,-0.013692916,34.74,33.73,-0.012813473
09.11.2007,165.37,153.76,-0.031613356,48.39,47.54,-0.007696445,33.73,33.38,-0.004530009
12.11.2007,153.76,169.96,0.043503352,47.54,49.5,0.017546022,33.38,34.46,0.013828941
13.11.2007,169.96,166.11,-0.009950944,49.5,49.07,-0.003789141,34.46,33.93,-0.006731413
14.11.2007,166.11,164.3,-0.004758215,49.07,48.9,-0.001507199,33.93,33.76,-0.002181422
15.11.2007,164.3,166.39,0.005489658,48.9,50.75,0.016127187,33.76,34.09,0.004224563
16.11.2007,166.39,163.95,-0.006415801,50.75,49.44,-0.011357585,34.09,33.96,-0.00165932
19.11.2007,163.95,168.85,0.012789644,49.44,49.56,0.001052836,33.96,34.58,0.007857307
20.11.2007,168.85,168.46,-0.001004269,49.56,48.88,-0.0060001,34.58,34.23,-0.00441809
21.11.2007,168.46,171.54,0.007868609,48.88,49.17,0.002569011,34.23,34.11,-0.00152518
23.11.2007,171.54,172.54,0.002524388,49.17,48.16,-0.00901373,34.11,32.97,-0.014762772
26.11.2007,172.54,174.81,0.005676479,48.16,48.71,0.004931651,32.97,33.06,0.001183902
27.11.2007,174.81,180.22,0.013236713,48.71,50.73,0.017646733,33.06,33.7,0.008327052
28.11.2007,180.22,184.29,0.009698785,50.73,51.05,0.002730884,33.7,33.59,-0.001419897
29.11.2007,184.29,182.22,-0.004905728,51.05,51.16,0.000934789,33.59,33.6,0.000129274
30.11.2007,182.22,178.86,-0.008082816,51.16,50.44,-0.006155458,33.6,32.92,-0.008879451
03.12.2007,178.86,179.81,0.002300615,50.44,50.71,0.002318533,32.92,32.77,-0.001983385
04.12.2007,179.81,185.5,0.013530073,50.71,51.66,0.008060791,32.77,34.15,0.017914267
05.12.2007,185.5,189.95,0.010295384,51.66,52.21,0.004599291,34.15,34.55,0.005057344
06.12.2007,189.95,194.3,0.009833503,52.21,51.84,-0.0030887,34.55,34.53,-0.000251473
07.12.2007,194.3,194.21,-0.000201212,51.84,51.97,0.001087724,34.53,34.76,0.002883189
10.12.2007,194.21,188.54,-0.012868086,51.97,50.78,-0.01006002,34.76,34.1,-0.008325389
11.12.2007,188.54,190.86,0.005311417,50.78,51.53,0.006367446,34.1,34.47,0.004686904
12.12.2007,190.86,191.83,0.002201607,51.53,52.37,0.007022431,34.47,35.22,0.009348068
13.12.2007,191.83,190.39,-0.003272393,52.37,52.14,-0.001911547,35.22,35.31,0.001108366
14.12.2007,190.39,184.4,-0.013883217,52.14,50.93,-0.010197351,35.31,34.39,-0.011465542
17.12.2007,184.4,182.98,-0.003357293,50.93,51.02,0.000766778,34.39,34.74,0.004397638
18.12.2007,182.98,183.12,0.000332156,51.02,51.15,0.001105184,34.74,34.79,0.000624615
19.12.2007,183.12,187.21,0.009593264,51.15,51.16,8.48978E-05,34.79,35.52,0.009018528
20.12.2007,187.21,193.91,0.015271163,51.16,52.03,0.00732329,35.52,36.06,0.006552765
21.12.2007,193.91,198.8,0.010816174,52.03,52.32,0.002413909,36.06,36.58,0.006217979
24.12.2007,198.8,198.95,0.000327563,52.32,52.77,0.003719359,36.58,36.61,0.000356028
26.12.2007,198.95,198.57,-0.000830308,52.77,51.61,-0.009653235,36.61,35.97,-0.007659291
27.12.2007,198.57,199.83,0.002747053,51.61,51.36,-0.002108844,35.97,36.12,0.001807304
28.12.2007,199.83,198.08,-0.003820061,51.36,50.48,-0.007505669,36.12,35.6,-0.006297744
31.12.2007,198.08,194.84,-0.007162506,50.48,49.65,-0.007200093,35.6,35.22,-0.004660646
02.01.2008,194.84,194.93,0.000200562,49.65,49.65,0,35.22,35.37,0.001845708
03.01.2008,194.93,180.05,-0.034485557,49.65,46.87,-0.025024299,35.37,34.38,-0.012329187
04.01.2008,180.05,177.64,-0.005852361,46.87,45.35,-0.014317662,34.38,34.61,0.002895727
07.01.2008,177.64,171.25,-0.015910184,45.35,43.19,-0.021194087,34.61,33.45,-0.014805477
08.01.2008,171.25,179.4,0.020191859,43.19,44.44,0.012390846,33.45,34.44,0.012667021
09.01.2008,179.4,178.02,-0.003353642,44.44,45.34,0.008707466,34.44,34.33,-0.001389339
10.01.2008,178.02,172.69,-0.013201607,45.34,45,-0.003269002,34.33,33.91,-0.005346014
11.01.2008,172.69,178.78,0.015051743,45,46.13,0.010770941,33.91,34.39,0.006104386
14.01.2008,178.78,169.04,-0.024329449,46.13,45.05,-0.010288659,34.39,34,-0.004953259
15.01.2008,169.04,159.64,-0.024847765,45.05,44.34,-0.006899107,34,33.23,-0.009948576
16.01.2008,159.64,160.89,0.003387333,44.34,43,-0.013327233,33.23,33.11,-0.001571161
17.01.2008,160.89,161.36,0.001266834,43,43.75,0.007509602,33.11,33.01,-0.001313656
18.01.2008,161.36,155.64,-0.015674663,43.75,42.72,-0.010346813,33.01,31.96,-0.014038754
22.01.2008,155.64,139.07,-0.048887767,42.72,43.19,0.00475196,31.96,31.93,-0.000407852
23.01.2008,139.07,135.6,-0.010973765,43.19,44.89,0.016766401,31.93,33.25,0.017592731
24.01.2008,135.6,130.01,-0.018282931,44.89,43.74,-0.011270827,33.25,32.94,-0.004068055
25.01.2008,130.01,130.01,0,43.74,43.8,0.000595332,32.94,32.72,-0.0029103
28.01.2008,130.01,131.54,0.005081079,43.8,43.38,-0.004184563,32.72,32.6,-0.001595695
29.01.2008,131.54,132.18,0.00210791,43.38,43.54,0.001598877,32.6,32.2,-0.005361728
30.01.2008,132.18,135.36,0.010324598,43.54,43.72,0.001791729,32.2,32.6,0.005361728
31.01.2008,135.36,133.75,-0.005196555,43.72,44.42,0.006898401,32.6,30.45,-0.029630303
01.02.2008,133.75,131.65,-0.006872927,44.42,44.06,-0.003534061,30.45,30.19,-0.003724184
04.02.2008,131.65,129.36,-0.007620857,44.06,42.98,-0.010778082,30.19,29.07,-0.016418081
05.02.2008,129.36,122,-0.025440176,42.98,42.16,-0.008365809,29.07,28.52,-0.008295511
06.02.2008,122,121.24,-0.002713903,42.16,40.5,-0.017445579,28.52,28.12,-0.006134205
07.02.2008,121.24,125.48,0.014928582,40.5,41.88,0.01455165,28.12,28.56,0.006742887
08.02.2008,125.48,129.45,0.013527545,41.88,42.63,0.00770866,28.56,28.21,-0.005355117
11.02.2008,129.45,124.86,-0.015678724,42.63,42.88,0.002539444,28.21,28.34,0.00199676
12.02.2008,124.86,129.4,0.015510946,42.88,44.05,0.011691136,28.34,28.96,0.009398712
13.02.2008,129.4,127.46,-0.006560362,44.05,43.26,-0.007859398,28.96,28.5,-0.006953698
14.02.2008,127.46,124.63,-0.009751319,43.26,43.87,0.006081119,28.5,28.42,-0.001220786
15.02.2008,124.63,122.18,-0.008622474,43.87,43.95,0.000791245,28.42,28.17,-0.003837227
19.02.2008,122.18,123.82,0.005790679,43.95,47.44,0.033185801,28.17,28.22,0.000770162
20.02.2008,123.82,121.54,-0.008071568,47.44,46.83,-0.005620523,28.22,28.1,-0.00185069
21.02.2008,121.54,119.46,-0.007496722,46.83,47.4,0.005254184,28.1,27.68,-0.006540234
22.02.2008,119.46,119.74,0.001016743,47.4,48.13,0.00663752,27.68,27.84,0.002503145
25.02.2008,119.74,119.15,-0.002145207,48.13,49.2,0.009549241,27.84,28.38,0.00834316
26.02.2008,119.15,122.96,0.013669808,49.2,48.94,-0.002301138,28.38,28.26,-0.001840234
27.02.2008,122.96,129.91,0.023878728,48.94,48.55,-0.003474731,28.26,27.93,-0.005101222
28.02.2008,129.91,125.02,-0.016663088,48.55,47.77,-0.007033993,27.93,27.2,-0.011502032
29.02.2008,125.02,121.73,-0.011581873,47.77,47.6,-0.001548289,27.2,26.99,-0.003366019
03.03.2008,121.73,124.62,0.010190125,47.6,48.45,0.007686829,26.99,27.59,0.009548816
04.03.2008,124.62,124.49,-0.00045328,48.45,48.31,-0.001256744,27.59,28.12,0.008263616
05.03.2008,124.49,120.93,-0.012600414,48.31,47.78,-0.004790892,28.12,27.57,-0.00857855
06.03.2008,120.93,122.25,0.004714815,47.78,47.31,-0.004293197,27.57,27.87,0.004700203
07.03.2008,122.25,119.69,-0.009191001,47.31,46.71,-0.005543081,27.87,28.05,0.002795897
10.03.2008,119.69,127.35,0.026941082,46.71,47.92,0.011106942,28.05,29.28,0.018638207
11.03.2008,127.35,126.03,-0.004525013,47.92,47.27,-0.005931207,29.28,28.63,-0.009749724
12.03.2008,126.03,127.94,0.00653241,47.27,47.02,-0.002302978,28.63,28.62,-0.000151719
13.03.2008,127.94,126.61,-0.004538338,47.02,45.92,-0.010280745,28.62,27.96,-0.010132462
14.03.2008,126.61,126.73,0.000411426,45.92,46.42,0.004703257,27.96,28.3,0.005249268
17.03.2008,126.73,132.82,0.020384041,46.42,47.93,0.013902293,28.3,29.42,0.016856233
18.03.2008,132.82,129.67,-0.010423965,47.93,46.59,-0.012314719,29.42,28.62,-0.011973039
19.03.2008,129.67,133.27,0.011892887,46.59,46.5,-0.000839758,28.62,29.18,0.008415658
20.03.2008,133.27,139.53,0.019935197,46.5,47.93,0.013154476,29.18,29.17,-0.000148858
24.03.2008,139.53,140.98,0.004489912,47.93,48.26,0.002979889,29.17,29.14,-0.000446882
25.03.2008,140.98,145.06,0.012390167,48.26,47.34,-0.008359064,29.14,28.56,-0.008731344
26.03.2008,145.06,140.25,-0.014644803,47.34,46.64,-0.006469712,28.56,28.05,-0.007825338
27.03.2008,140.25,143.01,0.008463537,46.64,46.09,-0.005151834,28.05,27.91,-0.002173029
28.03.2008,143.01,143.5,0.001485494,46.09,45.66,-0.004070801,27.91,28.38,0.007252555
31.03.2008,143.5,149.53,0.017876432,45.66,47.59,0.017979798,28.38,29.5,0.016809625
01.04.2008,149.53,147.49,-0.005965758,47.59,47.23,-0.003297759,29.5,29.16,-0.005034496
02.04.2008,147.49,151.61,0.011965272,47.23,46.96,-0.002489857,29.16,29,-0.002389522
03.04.2008,151.61,153.08,0.004190606,46.96,46.4,-0.005210108,29,29.16,0.002389522
04.04.2008,153.08,155.89,0.007899803,46.4,45.92,-0.004516101,29.16,29.16,0
07.04.2008,155.89,152.84,-0.008581228,45.92,46.07,0.001416333,29.16,28.75,-0.006149671
08.04.2008,152.84,151.44,-0.003996428,46.07,46.09,0.000188496,28.75,28.89,0.002109693
09.04.2008,151.44,154.55,0.008828408,46.09,46.57,0.00449953,28.89,29.11,0.003294664
10.04.2008,154.55,147.14,-0.021338258,46.57,45.47,-0.010381284,29.11,28.28,-0.0125628
11.04.2008,147.14,147.78,0.001884911,45.47,45.82,0.003330131,28.28,28.06,-0.003391738
14.04.2008,147.78,148.38,0.001759705,45.82,45.82,0,28.06,28.25,0.002930785
15.04.2008,148.38,153.7,0.015298501,45.82,47.1,0.011965822,28.25,28.95,0.010630116
16.04.2008,153.7,154.49,0.002226506,47.1,47.31,0.001932041,28.95,29.22,0.004031644
17.04.2008,154.49,161.04,0.018033389,47.31,48.18,0.007913848,29.22,30,0.011441043
18.04.2008,161.04,168.16,0.018788937,48.18,48.45,0.002426986,30,30.42,0.006037955
21.04.2008,168.16,160.2,-0.021060187,48.45,48.17,-0.002517135,30.42,30.25,-0.002433831
22.04.2008,160.2,162.89,0.007231912,48.17,48.02,-0.001354491,30.25,31.45,0.016895271
23.04.2008,162.89,168.94,0.015838067,48.02,48.35,0.002974323,31.45,31.8,0.00480647
24.04.2008,168.94,169.73,0.002026121,48.35,47.45,-0.008160262,31.8,29.83,-0.027773867
25.04.2008,169.73,172.24,0.006375406,47.45,47.59,0.001279488,29.83,28.99,-0.012405038
28.04.2008,172.24,175.05,0.007028098,47.59,47.84,0.002275466,28.99,28.64,-0.005275202
29.04.2008,175.05,173.95,-0.002737682,47.84,46.35,-0.013741432,28.64,28.52,-0.001823492
30.04.2008,173.95,180,0.014848072,46.35,48.03,0.015462848,28.52,29.4,0.013197809
01.05.2008,180,180.94,0.002262081,48.03,48.36,0.002973706,29.4,29.24,-0.002369962
02.05.2008,180.94,184.73,0.009002844,48.36,48.28,-0.000719031,29.24,29.08,-0.002382966
05.05.2008,184.73,186.66,0.004513831,48.28,48.64,0.003226305,29.08,29.7,0.009162047
06.05.2008,186.66,182.59,-0.009574273,48.64,48.65,8.92783E-05,29.7,29.21,-0.007224892
07.05.2008,182.59,185.06,0.005835569,48.65,49.06,0.003644699,29.21,29.27,0.000891165
08.05.2008,185.06,183.45,-0.003794842,49.06,49.13,0.00061922,29.27,29.39,0.001776864
09.05.2008,183.45,188.16,0.011009588,49.13,46.83,-0.020822606,29.39,29.99,0.00877688
12.05.2008,188.16,189.96,0.004134857,46.83,44.27,-0.024414636,29.99,29.78,-0.003051772
13.05.2008,189.96,186.26,-0.008542562,44.27,45.64,0.013236114,29.78,29.93,0.002182023
14.05.2008,186.26,189.73,0.008016408,45.64,46.73,0.010250145,29.93,30.45,0.00748058
15.05.2008,189.73,187.62,-0.004856875,46.73,47.29,0.005173533,30.45,29.99,-0.006610831
16.05.2008,187.62,183.6,-0.009406455,47.29,46.71,-0.005359447,29.99,29.46,-0.007743723
19.05.2008,183.6,185.9,0.005406713,46.71,46.46,-0.002330662,29.46,28.76,-0.010443861
20.05.2008,185.9,178.19,-0.018396062,46.46,44.8,-0.015801191,28.76,28.25,-0.00777043
21.05.2008,178.19,177.05,-0.002787397,44.8,44.9,0.000968327,28.25,28.47,0.003369015
22.05.2008,177.05,181.17,0.009990353,44.9,44.96,0.000579962,28.47,28.05,-0.006454602
23.05.2008,181.17,186.43,0.012429515,44.96,45.7,0.007089898,28.05,28.44,0.005996726
27.05.2008,186.43,187.01,0.001349031,45.7,46.52,0.007723506,28.44,28.18,-0.003988603
28.05.2008,187.01,186.69,-0.000743775,46.52,46.91,0.003625727,28.18,28.31,0.001998881
29.05.2008,186.69,188.75,0.004765905,46.91,47.06,0.00138649,28.31,28.32,0.00015338
30.05.2008,188.75,186.1,-0.006140587,47.06,46.25,-0.007540186,28.32,27.8,-0.008048453
02.06.2008,186.1,185.37,-0.001706923,46.25,46.24,-9.39117E-05,27.8,27.31,-0.007723096
03.06.2008,185.37,185.19,-0.000421918,46.24,46.81,0.005320816,27.31,27.54,0.003642236
04.06.2008,185.19,189.43,0.009831228,46.81,48.51,0.015492633,27.54,28.3,0.0118225
05.06.2008,189.43,185.64,-0.0087772,48.51,47.63,-0.007950693,28.3,27.49,-0.012611696
06.06.2008,185.64,181.61,-0.009531801,47.63,47.63,0,27.49,27.71,0.003461786
09.06.2008,181.61,185.64,0.009531801,47.63,47.57,-0.00054743,27.71,27.89,0.002811988
10.06.2008,185.64,180.81,-0.011449114,47.57,46.48,-0.010067032,27.89,27.12,-0.012158829
11.06.2008,180.81,173.26,-0.018524136,46.48,46.97,0.004554441,27.12,28.24,0.017575007
12.06.2008,173.26,172.37,-0.002236628,46.97,47.45,0.004415657,28.24,29.07,0.012580339
13.06.2008,172.37,176.84,0.011118825,47.45,47.58,0.001188221,29.07,28.93,-0.002096598
16.06.2008,176.84,181.43,0.011128594,47.58,47.34,-0.002196184,28.93,28.8,-0.001955946
17.06.2008,181.43,178.75,-0.00646305,47.34,46.59,-0.006935543,28.8,28.46,-0.005157592
18.06.2008,178.75,180.9,0.005192516,46.59,46.59,0,28.46,28.93,0.007113538
19.06.2008,180.9,175.27,-0.01373098,46.59,45.64,-0.008947075,28.93,28.23,-0.010637556
20.06.2008,175.27,173.16,-0.00526001,45.64,45.51,-0.0012388,28.23,27.97,-0.004018412
23.06.2008,173.16,173.25,0.000225666,45.51,45.04,-0.004508454,27.97,27.73,-0.003742597
24.06.2008,173.25,177.39,0.01025589,45.04,45.6,0.005366461,27.73,28.35,0.009603194
25.06.2008,177.39,168.26,-0.022948249,45.6,44.67,-0.00894889,28.35,27.75,-0.009290076
26.06.2008,168.26,170.09,0.004697897,44.67,44.58,-0.000875888,27.75,27.63,-0.001882103
27.06.2008,170.09,167.44,-0.006819566,44.58,44.21,-0.003619549,27.63,27.51,-0.001890295
30.06.2008,167.44,174.68,0.018383968,44.21,44,-0.002067838,27.51,26.87,-0.010222924
01.07.2008,174.68,168.18,-0.016468835,44,43.61,-0.00386659,26.87,25.88,-0.016303394
02.07.2008,168.18,170.12,0.004981026,43.61,43.44,-0.00169627,25.88,25.98,0.001674875
03.07.2008,170.12,175.16,0.012679562,43.44,44,0.00556286,25.98,26.03,0.000835021
07.07.2008,175.16,179.55,0.010750473,44,43.45,-0.005462896,26.03,25.85,-0.003013621
08.07.2008,179.55,174.25,-0.013012623,43.45,42.21,-0.012574429,25.85,25.23,-0.010543297
09.07.2008,174.25,176.63,0.005891682,42.21,41.45,-0.007890817,25.23,25.45,0.003770536
10.07.2008,176.63,172.58,-0.010074004,41.45,41.59,0.001464385,25.45,25.25,-0.003426404
11.07.2008,172.58,173.88,0.003259167,41.59,41.79,0.002083451,25.25,25.15,-0.001723393
14.07.2008,173.88,169.64,-0.010721368,41.79,41.65,-0.001457365,25.15,26.15,0.016933704
15.07.2008,169.64,172.81,0.008040606,41.65,42.34,0.007135848,26.15,27.26,0.018054158
16.07.2008,172.81,171.81,-0.002520432,42.34,43.23,0.009034382,27.26,27.52,0.004122578
17.07.2008,171.81,165.15,-0.01716986,43.23,43.42,0.001904584,27.52,25.86,-0.027019909
18.07.2008,165.15,166.29,0.002987555,43.42,43.35,-0.000700717,25.86,25.64,-0.0037105
21.07.2008,166.29,162.02,-0.011297505,43.35,43.53,0.001799565,25.64,25.8,0.002701685
22.07.2008,162.02,166.26,0.011219148,43.53,44.28,0.007418945,25.8,26.43,0.010477457
23.07.2008,166.26,159.03,-0.019308717,44.28,43.38,-0.008918065,26.43,25.44,-0.016580056
24.07.2008,159.03,162.12,0.008357536,43.38,43.71,0.003291259,25.44,26.16,0.012120633
25.07.2008,162.12,154.4,-0.021189299,43.71,43,-0.007112351,26.16,25.5,-0.011097559
28.07.2008,154.4,157.08,0.007473597,43,44.13,0.011265472,25.5,26.11,0.010266691
29.07.2008,157.08,159.88,0.007673247,44.13,45.06,0.00905726,26.11,26.23,0.001991419
30.07.2008,159.88,158.95,-0.002533607,45.06,44.8,-0.002513173,26.23,25.72,-0.008527326
31.07.2008,158.95,156.66,-0.00630241,44.8,43.96,-0.00822033,25.72,25.44,-0.004753857
01.08.2008,156.66,153.23,-0.009614321,43.96,43.94,-0.000197631,25.44,25.28,-0.002740037
04.08.2008,153.23,160.64,0.020509894,43.94,45,0.010352461,25.28,26.21,0.015689951
05.08.2008,160.64,164.19,0.009493007,45,45.15,0.001445241,26.21,27.02,0.013218324
06.08.2008,164.19,163.57,-0.001643049,45.15,45.51,0.003449081,27.02,27.39,0.005906688
07.08.2008,163.57,169.55,0.01559414,45.51,45.82,0.002948249,27.39,28.13,0.0115777
08.08.2008,169.55,173.56,0.010151847,45.82,45.73,-0.000853883,28.13,27.9,-0.003565529
11.08.2008,173.56,176.73,0.007860636,45.73,45.68,-0.000475106,27.9,28.12,0.003411113
12.08.2008,176.73,179.3,0.006270012,45.68,45.61,-0.000666023,28.12,27.91,-0.00325548
13.08.2008,179.3,179.32,4.84406E-05,45.61,45.5,-0.001048676,27.91,27.91,0
14.08.2008,179.32,175.74,-0.008758108,45.5,45.59,0.000858196,27.91,27.81,-0.001558848
15.08.2008,175.74,175.39,-0.000865794,45.59,44.6,-0.009534733,27.81,27.69,-0.001878033
18.08.2008,175.39,173.53,-0.004630261,44.6,43.69,-0.008952814,27.69,27.32,-0.005842261
19.08.2008,173.53,175.84,0.005743108,43.69,46.16,0.023883755,27.32,27.29,-0.000477159
20.08.2008,175.84,174.29,-0.003845205,46.16,46.45,0.002719918,27.29,27.18,-0.001754083
21.08.2008,174.29,176.79,0.006185226,46.45,47.06,0.005666205,27.18,27.84,0.010419779
22.08.2008,176.79,172.55,-0.010542732,47.06,46.81,-0.002313282,27.84,27.66,-0.002817055
25.08.2008,172.55,173.64,0.002734814,46.81,46.86,0.000463643,27.66,27.27,-0.006167038
26.08.2008,173.64,174.67,0.002568543,46.86,46.8,-0.000556431,27.27,27.56,0.004594075
27.08.2008,174.67,173.74,-0.002318503,46.8,47.33,0.004890651,27.56,27.94,0.005947189
28.08.2008,173.74,169.53,-0.010653255,47.33,46.92,-0.003778501,27.94,27.29,-0.010222866
29.08.2008,169.53,166.19,-0.008641674,46.92,46,-0.008600172,27.29,27.1,-0.003034245
02.09.2008,166.19,166.96,0.002007548,46,45.09,-0.008677596,27.1,26.9,-0.003217011
03.09.2008,166.96,161.22,-0.015193519,45.09,44.46,-0.006110777,26.9,26.35,-0.00897166
04.09.2008,161.22,160.18,-0.002810627,44.46,44.96,0.004856844,26.35,25.65,-0.01169325
05.09.2008,160.18,157.92,-0.006171154,44.96,45.74,0.007469858,25.65,26.12,0.007885803
08.09.2008,157.92,151.68,-0.017508815,45.74,46.01,0.002556073,26.12,26.1,-0.000332665
09.09.2008,151.68,151.61,-0.000200472,46.01,46.76,0.007022269,26.1,26.44,0.005620943
10.09.2008,151.61,152.65,0.002968961,46.76,47.19,0.003975475,26.44,27.34,0.014537059
11.09.2008,152.65,148.94,-0.010685459,47.19,46.97,-0.002029417,27.34,27.62,0.004425164
12.09.2008,148.94,140.36,-0.02576799,46.97,45.33,-0.015434841,27.62,26.82,-0.012764901
15.09.2008,140.36,139.88,-0.001487736,45.33,48.41,0.028549364,26.82,25.99,-0.013652494
16.09.2008,139.88,127.83,-0.039122835,48.41,45.75,-0.024543984,25.99,24.57,-0.024401123
17.09.2008,127.83,134.09,0.020763602,45.75,47.14,0.01299848,24.57,25.26,0.01202819
18.09.2008,134.09,140.91,0.021545424,47.14,48.26,0.010197739,25.26,25.16,-0.001722709
19.09.2008,140.91,131.05,-0.03150479,48.26,47.16,-0.010013521,25.16,25.4,0.00412308
22.09.2008,131.05,126.84,-0.014180792,47.16,46.88,-0.002586193,25.4,25.44,0.00068339
23.09.2008,126.84,128.71,0.006356057,46.88,46.78,-0.000927386,25.44,25.72,0.004753857
24.09.2008,128.71,131.93,0.010731272,46.78,47.7,0.008458162,25.72,26.61,0.01477391
25.09.2008,131.93,128.24,-0.012320053,47.7,47.81,0.001000365,26.61,27.4,0.012705688
26.09.2008,128.24,105.26,-0.085760144,47.81,44.55,-0.030671035,27.4,25.01,-0.039636871
29.09.2008,105.26,113.66,0.033344286,44.55,46.24,0.016170117,25.01,26.69,0.028234882
30.09.2008,113.66,109.12,-0.017703294,46.24,44.97,-0.012094938,26.69,26.48,-0.003430593
01.10.2008,109.12,100.1,-0.03747028,44.97,43.26,-0.016836372,26.48,26.25,-0.003788673
02.10.2008,100.1,97.07,-0.013349048,43.26,43,-0.00261806,26.25,26.32,0.001156577
03.10.2008,97.07,98.14,0.004761024,43,40.95,-0.021214549,26.32,24.91,-0.023912157
06.10.2008,98.14,89.16,-0.041675994,40.95,39.68,-0.013682243,24.91,23.23,-0.030324518
07.10.2008,89.16,89.79,0.003057912,39.68,40,0.003488328,23.23,23.01,-0.004132591
08.10.2008,89.79,88.74,-0.005108547,40,38.5,-0.016599262,23.01,22.3,-0.013611756
09.10.2008,88.74,96.8,0.037755933,38.5,37,-0.017259005,22.3,21.5,-0.015866403
10.10.2008,96.8,110.26,0.056542631,37,41.4,0.048798617,21.5,25.5,0.074101721
13.10.2008,110.26,104.08,-0.025050705,41.4,40.47,-0.009867137,25.5,24.1,-0.024523138
14.10.2008,104.08,97.95,-0.026362843,40.47,38.61,-0.020433403,24.1,22.66,-0.026757137
15.10.2008,97.95,101.89,0.017127122,38.61,39.66,0.011652908,22.66,24.19,0.028375963
16.10.2008,101.89,97.4,-0.019572605,39.66,39.71,0.000547177,24.19,23.93,-0.00469317
17.10.2008,97.4,98.44,0.004612648,39.71,41.01,0.013989882,23.93,24.72,0.014105768
20.10.2008,98.44,91.49,-0.031797977,41.01,38.05,-0.032535108,24.72,23.36,-0.024575628
21.10.2008,91.49,96.87,0.024815672,38.05,35.23,-0.033442018,23.36,21.53,-0.035428809
22.10.2008,96.87,98.23,0.006054844,35.23,33.15,-0.02642911,21.53,22.32,0.01565016
23.10.2008,98.23,96.38,-0.008257222,33.15,32.44,-0.009402687,22.32,21.96,-0.007061854
24.10.2008,96.38,92.09,-0.019774449,32.44,31.18,-0.017204735,21.96,21.18,-0.01570638
27.10.2008,92.09,99.91,0.035396486,31.18,35.09,0.051307257,21.18,23.1,0.037686024
28.10.2008,99.91,104.55,0.019715078,35.09,35.4,0.003819894,23.1,23,-0.001884144
29.10.2008,104.55,111.04,0.026155416,35.4,37.69,0.027222875,23,22.63,-0.007043282
30.10.2008,111.04,107.59,-0.013707546,37.69,38.28,0.006745792,22.63,22.33,-0.005795831
31.10.2008,107.59,106.96,-0.002550513,38.28,38.61,0.003727873,22.33,22.62,0.005603878
03.11.2008,106.96,110.99,0.016062457,38.61,38.24,-0.004181918,22.62,23.53,0.017129327
04.11.2008,110.99,103.3,-0.03118353,38.24,36.25,-0.023209873,23.53,22.08,-0.027622858
05.11.2008,103.3,99.1,-0.018026667,36.25,33.64,-0.032452024,22.08,20.88,-0.024268575
06.11.2008,99.1,98.24,-0.003785301,33.64,34.64,0.012721896,20.88,21.5,0.012707966
07.11.2008,98.24,95.88,-0.010560328,34.64,34.17,-0.005932905,21.5,21.3,-0.004058856
10.11.2008,95.88,94.77,-0.005057145,34.17,33.25,-0.011853329,21.3,21.2,-0.002043743
11.11.2008,94.77,90.12,-0.021849698,33.25,31.14,-0.028473041,21.2,20.3,-0.018839823
12.11.2008,90.12,96.44,0.029436019,31.14,31.71,0.007877634,20.3,21.25,0.019862896
13.11.2008,96.44,90.24,-0.028858115,31.71,30.46,-0.017466343,21.25,20.06,-0.025028006
14.11.2008,90.24,88.14,-0.01022604,30.46,29.34,-0.016269789,20.06,19.32,-0.016323807
17.11.2008,88.14,89.91,0.008634951,29.34,33.59,0.058749894,19.32,19.62,0.006691881
18.11.2008,89.91,86.29,-0.017847529,33.59,33.03,-0.00730143,19.62,18.29,-0.030485298
19.11.2008,86.29,80.49,-0.030218542,33.03,31.83,-0.016071935,18.29,17.53,-0.018431789
20.11.2008,80.49,82.58,0.011132951,31.83,34.64,0.036741245,17.53,19.68,0.050243178
21.11.2008,82.58,92.95,0.051374516,34.64,35.7,0.013090333,19.68,20.69,0.021735397
24.11.2008,92.95,90.8,-0.010163546,35.7,33.6,-0.026328939,20.69,19.99,-0.014947697
25.11.2008,90.8,95,0.019637757,33.6,35.21,0.020326748,19.99,20.49,0.010729164
26.11.2008,95,92.67,-0.010784442,35.21,35.28,0.000862551,20.49,20.22,-0.005760807
28.11.2008,92.67,88.93,-0.017890871,35.28,33.44,-0.023262308,20.22,18.61,-0.036034778
01.12.2008,88.93,92.47,0.016952565,33.44,34.27,0.010647836,18.61,19.15,0.012422405
02.12.2008,92.47,95.9,0.01581775,34.27,34.82,0.006914662,19.15,19.87,0.016029089
03.12.2008,95.9,91.41,-0.020824898,34.82,33.39,-0.018212348,19.87,19.11,-0.01693718
04.12.2008,91.41,94,0.012134145,33.39,33.53,0.001817134,19.11,19.87,0.01693718
05.12.2008,94,99.72,0.025654416,33.53,35.23,0.02147909,19.87,21.01,0.024228185
08.12.2008,99.72,100.06,0.001478229,35.23,34.51,-0.008967684,21.01,20.6,-0.008558832
09.12.2008,100.06,98.21,-0.008104788,34.51,35.1,0.007362157,20.6,20.61,0.000210771
10.12.2008,98.21,95,-0.014432106,35.1,34.78,-0.003977539,20.61,19.45,-0.025158386
11.12.2008,95,98.27,0.014697351,34.78,35.97,0.01461086,19.45,19.36,-0.002014253
12.12.2008,98.27,94.75,-0.015841737,35.97,34.82,-0.014111671,19.36,19.04,-0.007238409
15.12.2008,94.75,95.43,0.003105705,34.82,36.32,0.018317073,19.04,20.11,0.023745127
16.12.2008,95.43,89.16,-0.029514864,36.32,36.47,0.001789923,20.11,19.66,-0.009828557
17.12.2008,89.16,89.43,0.001313171,36.47,35.37,-0.013300703,19.66,19.3,-0.008026204
18.12.2008,89.43,90,0.002759279,35.37,35.4,0.000368202,19.3,19.12,-0.004069421
19.12.2008,90,85.74,-0.02105903,35.4,34.75,-0.008048453,19.12,19.18,0.001360715
22.12.2008,85.74,86.38,0.003229721,34.75,34.55,-0.002506757,19.18,19.28,0.002258427
23.12.2008,86.38,85.04,-0.006789948,34.55,34.68,0.001631037,19.28,19.17,-0.002484917
24.12.2008,85.04,85.81,0.00391465,34.68,34.97,0.003616544,19.17,19.13,-0.000907143
26.12.2008,85.81,86.61,0.004030137,34.97,35.58,0.007510311,19.13,18.96,-0.003876637
29.12.2008,86.61,86.29,-0.00160757,35.58,36.19,0.007382639,18.96,19.34,0.008618137
30.12.2008,86.29,85.35,-0.004756944,36.19,36.29,0.001198385,19.34,19.44,0.002239791
31.12.2008,85.35,90.75,0.026643108,36.29,36.81,0.006178849,19.44,20.33,0.019441118
02.01.2009,90.75,94.58,0.017952676,36.81,36.33,-0.00570042,20.33,20.52,0.004039978
05.01.2009,94.58,93.02,-0.007222975,36.33,39.31,0.034237646,20.52,20.76,0.005049993
06.01.2009,93.02,91.01,-0.009487221,39.31,37.84,-0.016551916,20.76,19.51,-0.02697008
07.01.2009,91.01,92.7,0.00799062,37.84,37.64,-0.002301513,19.51,20.12,0.013370707
08.01.2009,92.7,90.58,-0.010047418,37.64,37.49,-0.001734174,20.12,19.52,-0.013148163
09.01.2009,90.58,88.66,-0.009304589,37.49,36.98,-0.005948534,19.52,19.47,-0.001113862
12.01.2009,88.66,87.71,-0.004678616,36.98,35.83,-0.013720099,19.47,19.82,0.007737699
13.01.2009,87.71,85.33,-0.011947365,35.83,35.39,-0.005366246,19.82,19.09,-0.016297722
14.01.2009,85.33,83.38,-0.010039855,35.39,35.75,0.004395483,19.09,19.24,0.003399139
15.01.2009,83.38,82.33,-0.005503775,35.75,34.77,-0.012071355,19.24,19.71,0.010481557
16.01.2009,82.33,78.2,-0.022351362,34.77,33.34,-0.018239095,19.71,18.48,-0.027984657
20.01.2009,78.2,82.83,0.024980908,33.34,35.11,0.022465234,18.48,19.38,0.020651806
21.01.2009,82.83,88.36,0.028068046,35.11,35.49,0.00467517,19.38,17.11,-0.054103763
22.01.2009,88.36,88.36,0,35.49,35.79,0.003655699,17.11,17.2,0.002278437
23.01.2009,88.36,89.64,0.006246141,35.79,35.57,-0.002677833,17.2,17.63,0.010723865
26.01.2009,89.64,90.73,0.005249063,35.57,35.89,0.003889593,17.63,17.66,0.000738387
27.01.2009,90.73,94.2,0.016299992,35.89,37.41,0.01801425,17.66,18.04,0.009245834
28.01.2009,94.2,93,-0.005567954,37.41,35.93,-0.017530491,18.04,17.59,-0.010970694
29.01.2009,93,90.13,-0.013613577,35.93,34.75,-0.014502408,17.59,17.1,-0.012269729
30.01.2009,90.13,91.51,0.006599184,34.75,34.66,-0.001126251,17.1,17.83,0.018155233
02.02.2009,91.51,92.98,0.006920986,34.66,36.1,0.017678644,17.83,18.5,0.016020385
03.02.2009,92.98,93.55,0.00265425,36.1,36.03,-0.00084294,18.5,18.63,0.003041126
04.02.2009,93.55,96.46,0.013303466,36.03,35.09,-0.011480894,18.63,19.04,0.009454089
05.02.2009,96.46,99.72,0.014435012,35.09,36.85,0.021254124,19.04,19.66,0.013916569
06.02.2009,99.72,102.51,0.011983964,36.85,36.33,-0.006172094,19.66,19.44,-0.004887253
09.02.2009,102.51,97.83,-0.02029418,36.33,35.21,-0.013599373,19.44,18.8,-0.014538411
10.02.2009,97.83,96.82,-0.004506975,35.21,35.08,-0.00160644,18.8,19.21,0.009369516
11.02.2009,96.82,99.27,0.010852944,35.08,35.24,0.001976315,19.21,19.26,0.001128918
12.02.2009,99.27,99.16,-0.000481504,35.24,35.87,0.007695477,19.26,19.09,-0.003850354
13.02.2009,99.16,94.53,-0.02076686,35.87,34.34,-0.018931086,19.09,18.09,-0.023367362
17.02.2009,94.53,94.37,-0.000735703,34.34,34.08,-0.003300705,18.09,18.12,0.000719626
18.02.2009,94.37,90.64,-0.017514058,34.08,31.39,-0.03570827,18.12,17.91,-0.005062607
19.02.2009,90.64,91.2,0.002674941,31.39,31.24,-0.00208029,17.91,18,0.002176919
20.02.2009,91.2,86.95,-0.020725252,31.24,29.28,-0.028139953,18,17.21,-0.019491635
23.02.2009,86.95,90.25,0.016177624,29.28,29.62,0.005013982,17.21,17.17,-0.001010575
24.02.2009,90.25,91.16,0.004357106,29.62,30.12,0.007269913,17.17,16.96,-0.005344447
25.02.2009,91.16,89.19,-0.009488153,30.12,30.24,0.001726819,16.96,16.42,-0.014052695
26.02.2009,89.19,89.31,0.000583925,30.24,29.03,-0.017734751,16.42,16.15,-0.007200626
27.02.2009,89.31,87.94,-0.006713628,29.03,28.07,-0.014604623,16.15,15.79,-0.009790397
02.03.2009,87.94,88.37,0.002118394,28.07,28.17,0.001544434,15.79,15.88,0.002468368
03.03.2009,88.37,91.17,0.0135471,28.17,28.65,0.007337779,15.88,16.12,0.006514539
04.03.2009,91.17,88.84,-0.011243405,28.65,27.08,-0.024475966,16.12,15.27,-0.023526
05.03.2009,88.84,85.3,-0.017659519,27.08,26.98,-0.001606715,15.27,15.28,0.000284317
06.03.2009,85.3,83.11,-0.011295749,26.98,25.53,-0.023991131,15.28,15.15,-0.003710721
09.03.2009,83.11,88.63,0.027927467,25.53,27.04,0.024955872,15.15,16.48,0.036544575
10.03.2009,88.63,92.68,0.019405276,27.04,28.61,0.024511171,16.48,17.11,0.016292802
11.03.2009,92.68,96.35,0.016865694,28.61,29.34,0.010942252,17.11,17.01,-0.002545696
12.03.2009,96.35,95.93,-0.001897275,29.34,29.45,0.00162519,17.01,16.65,-0.009290076
13.03.2009,95.93,95.42,-0.002315032,29.45,29.02,-0.006387891,16.65,16.25,-0.010560873
16.03.2009,95.42,99.66,0.018881471,29.02,29.75,0.010789562,16.25,16.9,0.017033339
17.03.2009,99.66,101.52,0.008030726,29.75,28.99,-0.011238755,16.9,16.96,0.001539143
18.03.2009,101.52,101.62,0.000427581,28.99,29.1,0.001644774,16.96,17.14,0.00458497
19.03.2009,101.62,101.59,-0.00012823,29.1,28.85,-0.003747171,17.14,17.06,-0.002031791
20.03.2009,101.59,107.66,0.025203415,28.85,31.19,0.033869557,17.06,18.33,0.031183438
23.03.2009,107.66,106.5,-0.004704768,31.19,30.62,-0.008010188,18.33,17.93,-0.009582175
24.03.2009,106.5,106.49,-4.07807E-05,30.62,31.01,0.00549658,17.93,17.88,-0.001212775
25.03.2009,106.49,109.87,0.013570297,31.01,33.2,0.029636317,17.88,18.83,0.022482806
26.03.2009,109.87,106.85,-0.012104598,33.2,33.33,0.00169723,18.83,18.13,-0.016452516
27.03.2009,106.85,104.49,-0.009699797,33.33,32.12,-0.016059777,18.13,17.48,-0.015856376
30.03.2009,104.49,105.12,0.002610623,32.12,32.06,-0.000812019,17.48,18.37,0.021567728
31.03.2009,105.12,108.69,0.014504237,32.06,32.88,0.010968291,18.37,19.31,0.021673117
01.04.2009,108.69,112.71,0.015772861,32.88,33.69,0.010569202,19.31,19.29,-0.000450046
02.04.2009,112.71,115.99,0.012458099,33.69,34.15,0.005889697,19.29,18.75,-0.012330956
03.04.2009,115.99,118.45,0.009114517,34.15,33.76,-0.00498827,18.75,18.76,0.000231562
06.04.2009,118.45,115,-0.012837225,33.76,33.31,-0.005827805,18.76,18.76,0
07.04.2009,115,116.32,0.004956553,33.31,33.06,-0.003271783,18.76,19.19,0.009842141
08.04.2009,116.32,119.57,0.011967836,33.06,34.43,0.017634173,19.19,19.67,0.010729385
09.04.2009,119.57,120.22,0.002354494,34.43,34.52,0.001133764,19.67,19.59,-0.001769924
13.04.2009,120.22,118.31,-0.006955269,34.52,34.12,-0.005061765,19.59,19.35,-0.005353467
14.04.2009,118.31,117.64,-0.002466439,34.12,34.85,0.00919376,19.35,18.83,-0.011830649
15.04.2009,117.64,121.45,0.013842503,34.85,36.6,0.021278303,18.83,19.76,0.02093662
16.04.2009,121.45,123.42,0.006988023,36.6,36.3,-0.00357446,19.76,19.2,-0.012485712
17.04.2009,123.42,120.5,-0.010398495,36.3,34.68,-0.019827536,19.2,18.61,-0.013554856
20.04.2009,120.5,121.76,0.004517593,34.68,35.43,0.009292064,18.61,18.97,0.008320958
21.04.2009,121.76,121.51,-0.000892619,35.43,34.68,-0.009292064,18.97,18.78,-0.004371743
22.04.2009,121.51,125.4,0.013685516,34.68,34.76,0.001000679,18.78,18.92,0.003225544
23.04.2009,125.4,123.9,-0.00522623,34.76,35.8,0.012803259,18.92,20.91,0.043432901
24.04.2009,123.9,124.73,0.002899616,35.8,35.45,-0.004266787,20.91,20.4,-0.010723865
27.04.2009,124.73,123.9,-0.002899616,35.45,35.42,-0.000367683,20.4,19.93,-0.010122869
28.04.2009,123.9,125.14,0.004324844,35.42,36.45,0.012448976,19.93,20.25,0.006917729
29.04.2009,125.14,125.83,0.002388046,36.45,35.98,-0.005636374,20.25,20.26,0.000214413
30.04.2009,125.83,127.24,0.004839464,35.98,36.52,0.00646961,20.26,20.24,-0.000428933
01.05.2009,127.24,132.07,0.016180517,36.52,37.14,0.007311131,20.24,20.19,-0.001074189
04.05.2009,132.07,132.71,0.002099471,37.14,36.8,-0.003994081,20.19,19.79,-0.008690525
05.05.2009,132.71,132.5,-0.000687771,36.8,36.33,-0.005582421,19.79,19.79,0
06.05.2009,132.5,129.06,-0.011424218,36.33,34.53,-0.02206882,19.79,19.32,-0.010438672
07.05.2009,129.06,129.19,0.000437237,34.53,34.68,0.00188251,19.32,19.42,0.002242103
08.05.2009,129.19,129.57,0.001275561,34.68,35.03,0.004361049,19.42,19.32,-0.002242103
11.05.2009,129.57,124.42,-0.017614262,35.03,34.99,-0.000496195,19.32,19.89,0.012627661
12.05.2009,124.42,119.49,-0.017558636,34.99,34.21,-0.009790868,19.89,19.75,-0.003067683
13.05.2009,119.49,122.95,0.012396972,34.21,34.93,0.009045511,19.75,20.06,0.006763829
14.05.2009,122.95,122.42,-0.001876158,34.93,35.01,0.000993525,20.06,20.22,0.003450223
15.05.2009,122.42,126.65,0.014752819,35.01,35.73,0.008840905,20.22,20.6,0.008086069
18.05.2009,126.65,127.45,0.002734646,35.73,36.58,0.010210685,20.6,20.31,-0.006157297
19.05.2009,127.45,125.87,-0.005417608,36.58,34.67,-0.023289859,20.31,20.38,0.001494256
20.05.2009,125.87,124.18,-0.005870577,34.67,34.22,-0.005673836,20.38,19.82,-0.01210053
21.05.2009,124.18,122.5,-0.005915567,34.22,34.14,-0.001016488,19.82,19.75,-0.00153655
22.05.2009,122.5,130.78,0.028405244,34.14,34.47,0.004177767,19.75,20.34,0.012783849
26.05.2009,130.78,133.05,0.007473546,34.47,34.34,-0.001640993,20.34,20.13,-0.004507174
27.05.2009,133.05,135.07,0.006544021,34.34,34.7,0.004529184,20.13,20.45,0.006849537
28.05.2009,135.07,135.81,0.002372849,34.7,34.35,-0.004402733,20.45,20.89,0.009245128
29.05.2009,135.81,139.35,0.011175224,34.35,36,0.020375759,20.89,21.4,0.010475333
01.06.2009,139.35,139.49,0.000436101,36,35.84,-0.0019345,21.4,21.4,0
02.06.2009,139.49,140.95,0.004522006,35.84,35.63,-0.002552179,21.4,21.73,0.006645953
03.06.2009,140.95,143.74,0.00851256,35.63,36.09,0.00557106,21.73,21.83,0.001994009
04.06.2009,143.74,144.67,0.002800841,36.09,37.35,0.014903724,21.83,22.14,0.006123881
05.06.2009,144.67,143.85,-0.002468615,37.35,37.41,0.000697102,22.14,22.05,-0.001769023
08.06.2009,143.85,142.72,-0.003425029,37.41,36.84,-0.006668087,22.05,22.08,0.000590475
09.06.2009,142.72,140.25,-0.007581967,36.84,36.79,-0.000589834,22.08,22.55,0.009147477
10.06.2009,140.25,139.95,-0.000929967,36.79,37.23,0.005163248,22.55,22.83,0.005359365
11.06.2009,139.95,136.97,-0.009347447,37.23,37.76,0.006138949,22.83,23.33,0.009408827
12.06.2009,136.97,136.09,-0.002799242,37.76,37.08,-0.00789226,23.33,23.42,0.001672152
15.06.2009,136.09,136.35,0.000828928,37.08,36.84,-0.002820104,23.42,23.45,0.000555956
16.06.2009,136.35,135.58,-0.002459513,36.84,37.42,0.006784162,23.45,23.68,0.004238851
17.06.2009,135.58,135.88,0.000959909,37.42,37.55,0.001506158,23.68,23.5,-0.003313836
18.06.2009,135.88,139.48,0.011356401,37.55,38.35,0.009155427,23.5,24.07,0.010408228
19.06.2009,139.48,137.37,-0.00662004,38.35,37.74,-0.006963472,24.07,23.28,-0.014493114
22.06.2009,137.37,134.01,-0.010754691,37.74,37.36,-0.004395028,23.28,23.34,0.001117876
23.06.2009,134.01,136.22,0.007103669,37.36,37.22,-0.001630499,23.34,23.47,0.002412238
24.06.2009,136.22,139.86,0.011452648,37.22,38.12,0.010376523,23.47,23.79,0.005881352
25.06.2009,139.86,142.44,0.007938441,38.12,37.61,-0.005849559,23.79,23.35,-0.008107557
26.06.2009,142.44,141.97,-0.001435383,37.61,38.98,0.015538501,23.35,23.86,0.009383554
29.06.2009,141.97,142.43,0.001404892,38.98,38.65,-0.003692337,23.86,23.77,-0.001641258
30.06.2009,142.43,142.83,0.001217962,38.65,38.68,0.000336967,23.77,24.04,0.004905282
01.07.2009,142.83,140.02,-0.008629363,38.68,37.85,-0.009420582,24.04,23.37,-0.012275751
02.07.2009,140.02,138.61,-0.00439551,37.85,37.73,-0.001379079,23.37,23.2,-0.003170728
06.07.2009,138.61,135.4,-0.010175899,37.73,36.84,-0.010367184,23.2,22.53,-0.012726793
07.07.2009,135.4,137.22,0.005798751,36.84,37.21,0.004340048,22.53,22.56,0.000577904
08.07.2009,137.22,136.36,-0.002730422,37.21,37.3,0.001049162,22.56,22.44,-0.002316243
09.07.2009,136.36,138.52,0.00682549,37.3,37.24,-0.000699159,22.44,22.39,-0.000968759
10.07.2009,138.52,142.34,0.011814479,37.24,37.3,0.000699159,22.39,23.23,0.015995116
13.07.2009,142.34,142.27,-0.00021363,37.3,37.14,-0.001866932,23.23,23.11,-0.002249264
14.07.2009,142.27,146.88,0.013849332,37.14,38.82,0.019213632,23.11,24.12,0.018577358
15.07.2009,146.88,147.52,0.00188824,38.82,39.67,0.009406669,24.12,24.44,0.005723898
16.07.2009,147.52,151.75,0.012277796,39.67,39.98,0.003380589,24.44,24.29,-0.002673687
17.07.2009,151.75,152.91,0.003307189,39.98,40.43,0.004860952,24.29,24.53,0.004270033
20.07.2009,152.91,151.51,-0.00399459,40.43,40.57,0.001501266,24.53,24.83,0.005279171
21.07.2009,151.51,156.74,0.014738544,40.57,40.8,0.002455155,24.83,24.8,-0.000525039
22.07.2009,156.74,157.82,0.002982197,40.8,41.64,0.008850558,24.8,25.56,0.013109169
23.07.2009,157.82,159.99,0.005930799,41.64,41.72,0.000833579,25.56,23.45,-0.037418002
24.07.2009,159.99,160.1,0.000298494,41.72,41.84,0.001247376,23.45,23.11,-0.006342902
27.07.2009,160.1,160,-0.000271349,41.84,41.98,0.001450758,23.11,23.47,0.006713144
28.07.2009,160,160.03,8.14226E-05,41.98,42.19,0.002167091,23.47,23.8,0.006063867
29.07.2009,160.03,162.79,0.007426318,42.19,42.71,0.005320046,23.8,23.81,0.000182438
30.07.2009,162.79,163.39,0.00159775,42.71,43.3,0.005958325,23.81,23.52,-0.005322078
31.07.2009,163.39,166.43,0.00800614,43.3,43.38,0.000801651,23.52,23.83,0.005686725
03.08.2009,166.43,165.55,-0.002302428,43.38,43.42,0.000400271,23.83,23.77,-0.001094861
04.08.2009,165.55,165.11,-0.001155808,43.42,43.26,-0.001603304,23.77,23.81,0.000730214
05.08.2009,165.11,163.91,-0.003167927,43.26,42.21,-0.010671163,23.81,23.46,-0.006431388
06.08.2009,163.91,165.51,0.004218788,42.21,43.54,0.013473073,23.46,23.56,0.001847278
07.08.2009,165.51,164.72,-0.002077905,43.54,43.67,0.001294767,23.56,23.42,-0.002588395
10.08.2009,164.72,162.83,-0.005011911,43.67,43.39,-0.002793542,23.42,23.13,-0.005411258
11.08.2009,162.83,165.31,0.006564703,43.39,44.18,0.007836061,23.13,23.53,0.007446294
12.08.2009,165.31,168.42,0.008094537,44.18,44.35,0.001667913,23.53,23.62,0.001657966
13.08.2009,168.42,166.78,-0.004249694,44.35,44.09,-0.002553525,23.62,23.69,0.001285167
14.08.2009,166.78,159.59,-0.019138295,44.09,43.11,-0.009762076,23.69,23.25,-0.008142103
17.08.2009,159.59,164,0.011838173,43.11,43.96,0.008479661,23.25,23.58,0.006120844
18.08.2009,164,164.6,0.001585983,43.96,43.83,-0.001286213,23.58,23.65,0.001287344
19.08.2009,164.6,166.33,0.004540757,43.83,43.98,0.001483754,23.65,23.67,0.000367113
20.08.2009,166.33,169.22,0.007481103,43.98,44.78,0.007828864,23.67,24.41,0.013369521
21.08.2009,169.22,169.06,-0.000410826,44.78,44.79,9.69732E-05,24.41,24.64,0.004072924
24.08.2009,169.06,169.4,0.000872541,44.79,44.68,-0.001067898,24.64,24.64,0
25.08.2009,169.4,167.41,-0.00513201,44.68,44.48,-0.001948386,24.64,24.55,-0.001589207
26.08.2009,167.41,169.45,0.005260177,44.48,44.81,0.003210165,24.55,24.69,0.002469593
27.08.2009,169.45,170.05,0.001535063,44.81,44.76,-0.000484866,24.69,24.68,-0.000175935
28.08.2009,170.05,168.21,-0.004724825,44.76,44.89,0.001259528,24.68,24.65,-0.000528232
31.08.2009,168.21,165.3,-0.007578957,44.89,43.87,-0.009981971,24.65,24,-0.011605682
01.09.2009,165.3,165.18,-0.000315392,43.87,44.25,0.003745641,24,23.86,-0.002540802
02.09.2009,165.18,166.55,0.003587175,44.25,44.45,0.00195849,23.86,24.11,0.004526771
03.09.2009,166.55,170.31,0.009695512,44.45,45.1,0.006304777,24.11,24.62,0.009090838
04.09.2009,170.31,172.93,0.006630193,45.1,45.47,0.003548412,24.62,24.82,0.003513729
08.09.2009,172.93,171.14,-0.004518814,45.47,45.98,0.004844013,24.82,24.78,-0.000700475
09.09.2009,171.14,172.56,0.003588604,45.98,46.5,0.004883986,24.78,25,0.003838707
10.09.2009,172.56,172.16,-0.001007878,46.5,46.1,-0.003752028,25,24.86,-0.002438884
11.09.2009,172.16,173.72,0.003917567,46.1,45.7,-0.003784725,24.86,25,0.002438884
14.09.2009,173.72,175.16,0.003585116,45.7,45.64,-0.000570564,25,25.2,0.003460532
15.09.2009,175.16,181.87,0.01632613,45.64,45.64,0,25.2,25.2,0
16.09.2009,181.87,184.55,0.006352983,45.64,45.71,0.000665586,25.2,25.3,0.00171998
17.09.2009,184.55,185.02,0.001104627,45.71,46.15,0.004160484,25.3,25.26,-0.000687175
18.09.2009,185.02,184.02,-0.00235365,46.15,46.35,0.001878033,25.26,25.3,0.000687175
21.09.2009,184.02,184.48,0.001084264,46.35,47.01,0.006140513,25.3,25.77,0.007993897
22.09.2009,184.48,185.5,0.002394624,47.01,46.93,-0.000739697,25.77,25.71,-0.001012342
23.09.2009,185.5,183.82,-0.003951152,46.93,46.87,-0.000555601,25.71,25.94,0.003867895
24.09.2009,183.82,182.37,-0.003439364,46.87,47.02,0.001387671,25.94,25.55,-0.006579067
25.09.2009,182.37,186.15,0.008909642,47.02,47.88,0.007871517,25.55,25.83,0.004733502
28.09.2009,186.15,185.38,-0.001800163,47.88,47.44,-0.004009461,25.83,25.75,-0.001347173
29.09.2009,185.38,185.35,-7.02875E-05,47.44,47.21,-0.00211068,25.75,25.72,-0.000506269
30.09.2009,185.35,180.86,-0.010650064,47.21,45.96,-0.01165398,25.72,24.88,-0.014420588
01.10.2009,180.86,184.9,0.009594385,45.96,45.28,-0.006473602,24.88,24.96,0.001394205
02.10.2009,184.9,186.02,0.002622729,45.28,46.07,0.007511794,24.96,24.64,-0.005603878
05.10.2009,186.02,190.01,0.009216818,46.07,47.01,0.008772039,24.64,25.11,0.008206009
06.10.2009,190.01,190.25,0.000548207,47.01,46.56,-0.00417728,25.11,25.1,-0.000172991
07.10.2009,190.25,189.27,-0.002242883,46.56,46.46,-0.000933766,25.1,25.67,0.009752147
08.10.2009,189.27,190.47,0.0027448,46.46,47.38,0.008515851,25.67,25.55,-0.002034964
09.10.2009,190.47,190.81,0.00077455,47.38,47.04,-0.003127743,25.55,25.72,0.00288006
12.10.2009,190.81,190.02,-0.001801818,47.04,46.69,-0.003243439,25.72,25.81,0.00151704
13.10.2009,190.02,191.29,0.002892953,46.69,47.89,0.011020963,25.81,25.96,0.002516684
14.10.2009,191.29,190.56,-0.001660523,47.89,48,0.0009964,25.96,26.71,0.0123692
15.10.2009,190.56,188.05,-0.005758406,48,48.37,0.00333485,26.71,26.5,-0.003428014
16.10.2009,188.05,189.86,0.004160139,48.37,48.47,0.000896932,26.5,26.36,-0.002300468
19.10.2009,189.86,198.76,0.019895512,48.47,48.74,0.002412505,26.36,26.37,0.000164724
20.10.2009,198.76,204.92,0.013255359,48.74,48.22,-0.004658319,26.37,26.58,0.003444847
21.10.2009,204.92,205.2,0.000593009,48.22,48.32,0.00089972,26.58,26.59,0.000163361
22.10.2009,205.2,203.94,-0.002674941,48.32,48.56,0.002151752,26.59,28.02,0.022749794
23.10.2009,203.94,202.48,-0.003120283,48.56,47.86,-0.006305984,28.02,28.68,0.010111016
26.10.2009,202.48,197.37,-0.011100991,47.86,47.3,-0.005111554,28.68,28.59,-0.001364992
27.10.2009,197.37,192.4,-0.011076073,47.3,46.93,-0.003410587,28.59,28.02,-0.008746024
28.10.2009,192.4,196.35,0.008825838,46.93,48.35,0.012945924,28.02,28.22,0.003088878
29.10.2009,196.35,188.5,-0.017719551,48.35,47.46,-0.008068745,28.22,27.73,-0.00760714
30.10.2009,188.5,189.31,0.001862201,47.46,48.16,0.006358744,27.73,27.88,0.0023429
02.11.2009,189.31,188.75,-0.001286595,48.16,47.51,-0.005901448,27.88,27.53,-0.005486558
03.11.2009,188.75,190.81,0.004714171,47.51,47.76,0.002279288,27.53,28.06,0.008281455
