Date,Last
2008-12-30,4810
2008-12-29,4705
2008-12-26,4629
2008-12-24,4629
2008-12-23,4629
2008-12-22,4639
2008-12-19,4697
2008-12-18,4756
2008-12-17,4708
2008-12-16,4730
2008-12-15,4655
2008-12-12,4663
2008-12-11,4767
2008-12-10,4805
2008-12-09,4779
2008-12-08,4716
2008-12-05,4381
2008-12-04,4564
2008-12-03,4567
2008-12-02,4532
2008-12-01,4395
2008-11-28,4669
2008-11-27,4665
2008-11-26,4561
2008-11-25,4560
2008-11-24,4554
2008-11-21,4127
2008-11-20,4220
2008-11-19,4354
2008-11-18,4579
2008-11-17,4557
2008-11-14,4710
2008-11-13,4650
2008-11-12,4621
2008-11-11,4762
2008-11-10,5026
2008-11-07,4938
2008-11-06,4814
2008-11-05,5167
2008-11-04,5278
2008-11-03,5027
2008-10-31,4988
2008-10-30,4869
2008-10-29,4809
2008-10-28,4823
2008-10-27,4335
2008-10-24,4296
2008-10-23,4520
2008-10-22,4571
2008-10-21,4784
2008-10-20,4835
2008-10-17,4781
2008-10-16,4623
2008-10-15,4862
2008-10-14,5199
2008-10-13,5062
2008-10-10,4544
2008-10-09,4887
2008-10-08,5014
2008-10-07,5327
2008-10-06,5387
2008-10-03,5797
2008-10-02,5661
2008-10-01,5806
2008-09-30,5831
2008-09-29,5807
2008-09-26,6064
2008-09-25,6173
2008-09-24,6053
2008-09-23,6069
2008-09-22,6108
2008-09-19,6143
2008-09-18,5863
2008-09-17,5861
2008-09-16,5965
2008-09-15,6064
2008-09-12,6235
2008-09-11,6179
2008-09-10,6210
2008-09-09,6233
2008-09-08,6264
2008-09-05,6127
2008-09-04,6280
2008-09-03,6467
2008-09-02,6518
2008-09-01,6422
2008-08-29,6422
2008-08-28,6421
2008-08-27,6321
2008-08-26,6341
2008-08-25,6297
2008-08-22,6342
2008-08-21,6237
2008-08-20,6318
2008-08-19,6282
2008-08-18,6433
2008-08-15,6446
2008-08-14,6442
2008-08-13,6422
2008-08-12,6586
2008-08-11,6610
2008-08-08,6562
2008-08-07,6543
2008-08-06,6561
2008-08-05,6519
2008-08-04,6350
2008-08-01,6396
2008-07-31,6480
2008-07-30,6460
2008-07-29,6399
2008-07-28,6351
2008-07-25,6437
2008-07-24,6441
2008-07-23,6536
2008-07-22,6443
2008-07-21,6425
2008-07-18,6383
2008-07-17,6271
2008-07-16,6155
2008-07-15,6082
2008-07-14,6200
2008-07-11,6153
2008-07-10,6305
2008-07-09,6386
2008-07-08,6304
2008-07-07,6396
2008-07-04,6272
2008-07-03,6354
2008-07-02,6305
2008-07-01,6316
2008-06-30,6418
2008-06-27,6422
2008-06-26,6460
2008-06-25,6618
2008-06-24,6536
2008-06-23,6589
2008-06-20,6578
2008-06-19,6721
2008-06-18,6729
2008-06-17,6796
2008-06-16,6730
2008-06-13,6765
2008-06-12,6715
2008-06-11,6650
2008-06-10,6771
2008-06-09,6816
2008-06-06,6804
2008-06-05,6942
2008-06-04,6965
2008-06-03,7019
2008-06-02,7009
2008-05-30,7097
2008-05-29,7055
2008-05-28,7034
2008-05-27,6959
2008-05-26,6954
2008-05-23,6944
2008-05-22,7070
2008-05-21,7041
2008-05-20,7119
2008-05-19,7226
2008-05-16,7157
2008-05-15,7081
2008-05-14,7083
2008-05-13,7060
2008-05-12,7036
2008-05-09,7003
2008-05-08,7072
2008-05-07,7076
2008-05-06,7017
2008-05-05,7052
2008-05-02,7043
2008-04-30,6949
2008-04-29,6885
2008-04-28,6925
2008-04-25,6897
2008-04-24,6821
2008-04-23,6795
2008-04-22,6728
2008-04-21,6787
2008-04-18,6843
2008-04-17,6682
2008-04-16,6703
2008-04-15,6585
2008-04-14,6554
2008-04-11,6604
2008-04-10,6704
2008-04-09,6721
2008-04-08,6772
2008-04-07,6821
2008-04-04,6763
2008-04-03,6742
2008-04-02,6777
2008-04-01,6720
2008-03-31,6535
2008-03-28,6560
2008-03-27,6578
2008-03-26,6489
2008-03-25,6525
2008-03-20,6320
2008-03-19,6361
2008-03-18,6393
2008-03-17,6182
2008-03-14,6452
2008-03-13,6501
2008-03-12,6599
2008-03-11,6525
2008-03-10,6448
2008-03-07,6514
2008-03-06,6591
2008-03-05,6684
2008-03-04,6545
2008-03-03,6690
2008-02-29,6748
2008-02-28,6863
2008-02-27,6998
2008-02-26,6986
2008-02-25,6883
2008-02-22,6806
2008-02-21,6905
2008-02-20,6900
2008-02-19,7002
2008-02-18,6968
2008-02-15,6832
2008-02-14,6962
2008-02-13,6974
2008-02-12,6968
2008-02-11,6744
2008-02-08,6767
2008-02-07,6734
2008-02-06,6848
2008-02-05,6765
2008-02-04,7000
2008-02-01,6969
2008-01-31,6852
2008-01-30,6875
2008-01-29,6893
2008-01-28,6819
2008-01-25,6817
2008-01-24,6821
2008-01-23,6439
2008-01-22,6769
2008-01-21,6790
2008-01-18,7314
2008-01-17,7414
2008-01-16,7472
2008-01-15,7566
2008-01-14,7732
2008-01-11,7718
2008-01-10,7713
2008-01-09,7783
2008-01-08,7850
2008-01-07,7817
2008-01-04,7809
2008-01-03,7908
2008-01-02,7949
2007-12-28,8067
2007-12-27,8039
2007-12-21,8003
2007-12-20,7869
2007-12-19,7837
2007-12-18,7851
2007-12-17,7825
2007-12-14,7948
2007-12-13,7928
2007-12-12,8076
2007-12-11,8009
2007-12-10,8033
2007-12-07,7994
2007-12-06,7941
2007-12-05,7945
2007-12-04,7809
2007-12-03,7837
2007-11-30,7871
2007-11-29,7765
2007-11-28,7724
2007-11-27,7531
2007-11-26,7567
2007-11-23,7609
2007-11-22,7562
2007-11-21,7518
2007-11-20,7630
2007-11-19,7512
2007-11-16,7612
2007-11-15,7667
2007-11-14,7783
2007-11-13,7778
2007-11-12,7807
2007-11-09,7812
2007-11-08,7819
2007-11-07,7800
2007-11-06,7827
2007-11-05,7808
2007-11-02,7849
2007-11-01,7881
2007-10-31,8019
2007-10-30,7978
2007-10-29,8010
2007-10-26,7949
2007-10-25,7932
2007-10-24,7829
2007-10-23,7843
2007-10-22,7795
2007-10-19,7884
2007-10-18,7921
2007-10-17,7985
2007-10-16,7963
2007-10-15,7969
2007-10-12,8041
2007-10-11,8034
2007-10-10,7987
2007-10-09,7980
2007-10-08,7974
2007-10-05,8002
2007-10-04,7945
2007-10-03,7955
2007-10-02,7947
2007-10-01,7922
2007-09-28,7862
2007-09-27,7854
2007-09-26,7804
2007-09-25,7769
2007-09-24,7788
2007-09-21,7794
2007-09-20,7735
2007-09-19,7751
2007-09-18,7575
2007-09-17,7480
2007-09-14,7498
2007-09-13,7536
2007-09-12,7473
2007-09-11,7458
2007-09-10,7375
2007-09-07,7437
2007-09-06,7622
2007-09-05,7588
2007-09-04,7722
2007-09-03,7649
2007-08-31,7638
2007-08-30,7520
2007-08-29,7439
2007-08-28,7430
2007-08-27,7486
2007-08-24,7507
2007-08-23,7512
2007-08-22,7500
2007-08-21,7425
2007-08-20,7408
2007-08-17,7378
2007-08-16,7270
2007-08-15,7446
2007-08-14,7425
2007-08-13,7474
2007-08-10,7343
2007-08-09,7454
2007-08-08,7606
2007-08-07,7514
2007-08-06,7444
2007-08-03,7436
2007-08-02,7534
2007-08-01,7474
2007-07-31,7584
2007-07-30,7456
2007-07-27,7452
2007-07-26,7509
2007-07-25,7693
2007-07-24,7807
2007-07-23,7944
2007-07-20,7875
2007-07-19,7991
2007-07-18,7894
2007-07-17,8038
2007-07-16,8106
2007-07-13,8093
2007-07-12,8053
2007-07-11,7899
2007-07-10,7965
2007-07-09,8077
2007-07-06,8048
2007-07-05,7987
2007-07-04,8075
2007-07-03,8051
2007-07-02,7958
2007-06-29,8007
2007-06-28,7921
2007-06-27,7801
2007-06-26,7861
2007-06-25,7931
2007-06-22,7950
2007-06-21,7965
2007-06-20,8090
2007-06-19,8034
2007-06-18,8036
2007-06-15,8031
2007-06-14,7849
2007-06-13,7681
2007-06-12,7678
2007-06-11,7706
2007-06-08,7591
2007-06-07,7619
2007-06-06,7730
2007-06-05,7920
2007-06-04,7977
2007-06-01,7988
2007-05-31,7883
2007-05-30,7765
2007-05-29,7781
2007-05-25,7739
2007-05-24,7697
2007-05-23,7736
2007-05-22,7659
2007-05-21,7619
2007-05-18,7608
2007-05-17,7500
2007-05-16,7481
2007-05-15,7505
2007-05-14,7460
2007-05-11,7479
2007-05-10,7415
2007-05-09,7476
2007-05-08,7442
2007-05-07,7526
2007-05-04,7517
2007-05-03,7477
2007-05-02,7456
2007-04-30,7409
2007-04-27,7378
2007-04-26,7387
2007-04-25,7343
2007-04-24,7270
2007-04-23,7336
2007-04-20,7343
2007-04-19,7243
2007-04-18,7282
2007-04-17,7349
2007-04-16,7338
2007-04-13,7212
2007-04-12,7143
2007-04-11,7153
2007-04-10,7167
2007-04-05,7100
2007-04-04,7074
2007-04-03,7046
2007-04-02,6937
2007-03-30,6917
2007-03-29,6897
2007-03-28,6817
2007-03-27,6858
2007-03-26,6829
2007-03-23,6899
2007-03-22,6857
2007-03-21,6712
2007-03-20,6700
2007-03-19,6671
2007-03-16,6580
2007-03-15,6585
2007-03-14,6448
2007-03-13,6624
2007-03-12,6715
2007-03-09,6717
2007-03-08,6713
2007-03-07,6618
2007-03-06,6595
2007-03-05,6535
2007-03-02,6603
2007-03-01,6640
2007-02-28,6715
2007-02-27,6820
2007-02-26,7028
2007-02-23,6993
2007-02-22,6974
2007-02-21,6942
2007-02-20,6983
2007-02-19,6987
2007-02-16,6957
2007-02-15,6959
2007-02-14,6961
2007-02-13,6895
2007-02-12,6859
2007-02-09,6911
2007-02-08,6877
2007-02-07,6916
2007-02-06,6876
2007-02-05,6874
2007-02-02,6886
2007-02-01,6851
2007-01-31,6789
2007-01-30,6788
2007-01-29,6726
2007-01-26,6690
2007-01-25,6720
2007-01-24,6748
2007-01-23,6679
2007-01-22,6687
2007-01-19,6747
2007-01-18,6690
2007-01-17,6702
2007-01-16,6717
2007-01-15,6732
2007-01-12,6705
2007-01-11,6687
2007-01-10,6567
2007-01-09,6614
2007-01-08,6608
2007-01-05,6593
2007-01-04,6674
2007-01-03,6691
2007-01-02,6681
2006-12-29,6597
2006-12-28,6612
2006-12-27,6609
2006-12-22,6503
2006-12-21,6574
2006-12-20,6587
2006-12-19,6554
2006-12-18,6597
2006-12-15,6589
2006-12-14,6553
2006-12-13,6521
2006-12-12,6476
2006-12-11,6469
2006-12-08,6427
2006-12-07,6413
2006-12-06,6370
2006-12-05,6373
2006-12-04,6295
2006-12-01,6241
2006-11-30,6309
2006-11-29,6364
2006-11-28,6282
2006-11-27,6298
2006-11-24,6412
2006-11-23,6475
2006-11-22,6476
2006-11-21,6460
2006-11-20,6452
2006-11-17,6412
2006-11-16,6443
2006-11-15,6431
2006-11-14,6387
2006-11-13,6394
2006-11-10,6358
2006-11-09,6359
2006-11-08,6349
2006-11-07,6362
2006-11-06,6331
2006-11-03,6241
2006-11-02,6223
2006-11-01,6292
2006-10-31,6269
2006-10-30,6258
2006-10-27,6263
2006-10-26,6284
2006-10-25,6265
2006-10-24,6248
2006-10-23,6243
2006-10-20,6203
2006-10-19,6177
2006-10-18,6183
2006-10-17,6115
2006-10-16,6187
2006-10-13,6174
2006-10-12,6160
2006-10-11,6119
2006-10-10,6118
2006-10-09,6084
2006-10-06,6086
2006-10-05,6075
2006-10-04,6046
2006-10-03,5992
2006-10-02,5999
2006-09-29,6004
2006-09-28,5989
2006-09-27,5990
2006-09-26,5961
2006-09-25,5902
2006-09-22,5883
2006-09-21,5962
2006-09-20,5954
2006-09-19,5873
2006-09-18,5926
2006-09-15,5938
2006-09-14,5907
2006-09-13,5906
2006-09-12,5874
2006-09-11,5798
2006-09-08,5795
2006-09-07,5774
2006-09-06,5813
2006-09-05,5884
2006-09-04,5910
2006-09-01,5877
2006-08-31,5860
2006-08-30,5868
2006-08-29,5847
2006-08-28,5855
2006-08-25,5811
2006-08-24,5814
2006-08-23,5776
2006-08-22,5818
2006-08-21,5795
2006-08-18,5817
2006-08-17,5834
2006-08-16,5813
2006-08-15,5777
2006-08-14,5692
2006-08-11,5628
2006-08-10,5631
2006-08-09,5703
2006-08-08,5652
2006-08-07,5627
2006-08-04,5723
2006-08-03,5640
2006-08-02,5681
2006-08-01,5597
2006-07-31,5682
2006-07-28,5705
2006-07-27,5659
2006-07-26,5583
2006-07-25,5566
2006-07-24,5578
2006-07-21,5451
2006-07-20,5546
2006-07-19,5539
2006-07-18,5397
2006-07-17,5417
2006-07-14,5422
2006-07-13,5527
2006-07-12,5638
2006-07-11,5616
2006-07-10,5706
2006-07-07,5682
2006-07-06,5695
2006-07-05,5626
2006-07-04,5729
2006-07-03,5713
2006-06-30,5683
2006-06-29,5582
2006-06-28,5457
2006-06-27,5459
2006-06-26,5515
2006-06-23,5530
2006-06-22,5533
2006-06-21,5503
2006-06-20,5494
2006-06-19,5439
2006-06-16,5376
2006-06-15,5422
2006-06-14,5306
2006-06-13,5292
2006-06-12,5396
2006-06-09,5464
2006-06-08,5383
2006-06-07,5544
2006-06-06,5503
2006-06-05,5621
2006-06-02,5687
2006-06-01,5708
2006-05-31,5693
2006-05-30,5622
2006-05-29,5755
2006-05-26,5788
2006-05-25,5706
2006-05-24,5587
2006-05-23,5678
2006-05-22,5546
2006-05-19,5672
2006-05-18,5666
2006-05-17,5653
2006-05-16,5852
2006-05-15,5857
2006-05-12,5916
2006-05-11,6055
2006-05-10,6118
2006-05-09,6141
2006-05-08,6128
2006-05-05,6113
2006-05-04,6039
2006-05-03,5969
2006-05-02,6051
2006-04-28,6010
2006-04-27,6068
2006-04-26,6107
2006-04-25,6079
2006-04-24,6079
2006-04-21,6095
2006-04-20,6063
2006-04-19,5994
2006-04-18,5903
2006-04-13,5919
2006-04-12,5901
2006-04-11,5908
2006-04-10,6003
2006-04-07,5953
2006-04-06,6031
2006-04-05,6029
2006-04-04,6014
2006-04-03,6024
2006-03-31,5970
2006-03-30,5984
2006-03-29,5915
2006-03-28,5891
2006-03-27,5912
2006-03-24,5973
2006-03-23,5947
2006-03-22,5932
2006-03-21,5912
2006-03-20,5903
2006-03-17,5882
2006-03-16,5898
2006-03-15,5898
2006-03-14,5871
2006-03-13,5855
2006-03-10,5805
2006-03-09,5732
2006-03-08,5673
2006-03-07,5739
2006-03-06,5754
2006-03-03,5721
2006-03-02,5783
2006-03-01,5867
2006-02-28,5796
2006-02-27,5915
2006-02-24,5871
2006-02-23,5858
2006-02-22,5862
2006-02-21,5801
2006-02-20,5794
2006-02-17,5795
2006-02-16,5789
2006-02-15,5764
2006-02-14,5763
2006-02-13,5756
2006-02-10,5701
2006-02-09,5744
2006-02-08,5666
2006-02-07,5673
2006-02-06,5667
2006-02-03,5657
2006-02-02,5650
2006-02-01,5727
2006-01-31,5674
2006-01-30,5660
2006-01-27,5647
2006-01-26,5549
2006-01-25,5427
2006-01-24,5334
2006-01-23,5349
2006-01-20,5349
2006-01-19,5431
2006-01-18,5396
2006-01-17,5460
2006-01-16,5515
2006-01-13,5483
2006-01-12,5542
2006-01-11,5533
2006-01-10,5495
2006-01-09,5537
2006-01-06,5536
2006-01-05,5517
2006-01-04,5524
2006-01-03,5461
2006-01-02,5450
2005-12-30,5408
2005-12-29,5459
2005-12-28,5447
2005-12-27,5445
2005-12-23,5419
2005-12-22,5398
2005-12-21,5397
2005-12-20,5357
2005-12-19,5350
2005-12-16,5354
2005-12-15,5296
2005-12-14,5287
2005-12-13,5310
2005-12-12,5301
2005-12-09,5282
2005-12-08,5287
2005-12-07,5267
2005-12-06,5301
2005-12-05,5267
2005-12-02,5308
2005-12-01,5267
2005-11-30,5193
2005-11-29,5199
2005-11-28,5177
2005-11-25,5194
2005-11-24,5188
2005-11-23,5196
2005-11-22,5175
2005-11-21,5171
2005-11-18,5124
2005-11-17,5100
2005-11-16,5081
2005-11-15,5111
2005-11-14,5092
2005-11-11,5091
2005-11-10,5016
2005-11-09,5011
2005-11-08,5009
2005-11-07,5024
2005-11-04,4995
2005-11-03,5011
2005-11-02,4955
2005-11-01,4923
2005-10-31,4929
2005-10-28,4826
2005-10-27,4806
2005-10-26,4901
2005-10-25,4873
2005-10-24,4902
2005-10-21,4838
2005-10-20,4864
2005-10-19,4846
2005-10-18,4947
2005-10-17,4979
2005-10-14,4976
2005-10-13,4950
2005-10-12,4982
2005-10-11,5032
2005-10-10,5023
2005-10-07,5008
2005-10-06,5017
2005-10-05,5069
2005-10-04,5138
2005-10-03,5082
2005-09-30,5044
2005-09-29,5021
2005-09-28,5049
2005-09-27,4966
2005-09-26,4998
2005-09-23,4883
2005-09-22,4849
2005-09-21,4875
2005-09-20,4963
2005-09-19,4926
2005-09-16,4987
2005-09-15,4906
2005-09-14,4911
2005-09-13,4902
2005-09-12,4990
2005-09-09,5006
2005-09-08,4993
2005-09-07,4988
2005-09-06,4968
2005-09-05,4910
2005-09-02,4838
2005-09-01,4843
2005-08-31,4830
2005-08-30,4792
2005-08-29,4812
2005-08-26,4784
2005-08-25,4856
2005-08-24,4916
2005-08-23,4918
2005-08-22,4942
2005-08-19,4930
2005-08-18,4851
2005-08-17,4871
2005-08-16,4884
2005-08-15,4922
2005-08-12,4937
2005-08-11,4954
2005-08-10,4991
2005-08-09,4909
2005-08-08,4838
2005-08-05,4827
2005-08-04,4874
2005-08-03,4923
2005-08-02,4933
2005-08-01,4891
2005-07-29,4887
2005-07-28,4893
2005-07-27,4855
2005-07-26,4843
2005-07-25,4843
2005-07-22,4837
2005-07-21,4830
2005-07-20,4785
2005-07-19,4771
2005-07-18,4720
2005-07-15,4713
2005-07-14,4699
2005-07-13,4680
2005-07-12,4653
2005-07-11,4663
2005-07-08,4598
2005-07-07,4530
2005-07-06,4615
2005-07-05,4604
2005-07-04,4623
2005-07-01,4617
2005-06-30,4586
2005-06-29,4584
2005-06-28,4557
2005-06-27,4524
2005-06-24,4566
2005-06-23,4627
2005-06-22,4620
2005-06-21,4608
2005-06-20,4587
2005-06-17,4605
2005-06-16,4580
2005-06-15,4548
2005-06-14,4592
2005-06-13,4599
2005-06-10,4586
2005-06-09,4563
2005-06-08,4557
2005-06-07,4566
2005-06-06,4497
2005-06-03,4510
2005-06-02,4532
2005-06-01,4527
2005-05-31,4461
2005-05-30,4480
2005-05-27,4445
2005-05-26,4437
2005-05-25,4390
2005-05-24,4397
2005-05-23,4407
2005-05-20,4361
2005-05-19,4360
2005-05-18,4325
2005-05-17,4252
2005-05-16,4262
2005-05-13,4276
2005-05-12,4267
2005-05-11,4244
2005-05-10,4251
2005-05-09,4292
2005-05-06,4311
2005-05-05,4300
2005-05-04,4264
2005-05-03,4246
2005-05-02,4224
2005-04-29,4185
2005-04-28,4178
2005-04-27,4189
2005-04-26,4234
2005-04-25,4247
2005-04-22,4223
2005-04-21,4194
2005-04-20,4179
2005-04-19,4205
2005-04-18,4202
2005-04-15,4312
2005-04-14,4402
2005-04-13,4406
2005-04-12,4372
2005-04-11,4396
2005-04-08,4401
2005-04-07,4390
2005-04-06,4379
2005-04-05,4363
2005-04-04,4341
2005-04-01,4374
2005-03-31,4349
2005-03-30,4348
2005-03-29,4352
2005-03-24,4344
2005-03-23,4317
2005-03-22,4321
2005-03-21,4296
2005-03-18,4327
2005-03-17,4316
2005-03-16,4309
2005-03-15,4388
2005-03-14,4367
2005-03-11,4360
2005-03-10,4338
2005-03-09,4376
2005-03-08,4397
2005-03-07,4428
2005-03-04,4424
2005-03-03,4373
2005-03-02,4393
2005-03-01,4384
2005-02-28,4350
2005-02-25,4349
2005-02-24,4304
2005-02-23,4311
2005-02-22,4323
2005-02-21,4353
2005-02-18,4359
2005-02-17,4370
2005-02-16,4369
2005-02-15,4402
2005-02-14,4386
2005-02-11,4388
2005-02-10,4342
2005-02-09,4353
2005-02-08,4371
2005-02-07,4366
2005-02-04,4339
2005-02-03,4282
2005-02-02,4296
2005-02-01,4280
2005-01-31,4255
2005-01-28,4202
2005-01-27,4216
2005-01-26,4214
2005-01-25,4234
2005-01-24,4202
2005-01-21,4214
2005-01-20,4220
2005-01-19,4246
2005-01-18,4251
2005-01-17,4246
2005-01-14,4232
2005-01-13,4212
2005-01-12,4209
2005-01-11,4258
2005-01-10,4307
2005-01-07,4316
2005-01-06,4301
2005-01-05,4258
2005-01-04,4291
2005-01-03,4292
2004-12-30,4256
2004-12-29,4248
2004-12-28,4262
2004-12-27,4235
2004-12-23,4252
2004-12-22,4241
2004-12-21,4214
2004-12-20,4212
2004-12-17,4182
2004-12-16,4234
2004-12-15,4214
2004-12-14,4231
2004-12-13,4219
2004-12-10,4175
2004-12-09,4150
2004-12-08,4201
2004-12-07,4213
2004-12-06,4194
2004-12-03,4209
2004-12-02,4216
2004-12-01,4186
2004-11-30,4126
2004-11-29,4147
2004-11-26,4154
2004-11-25,4160
2004-11-24,4125
2004-11-23,4113
2004-11-22,4124
2004-11-19,4135
2004-11-18,4179
2004-11-17,4183
2004-11-16,4117
2004-11-15,4134
2004-11-12,4143
2004-11-11,4131
2004-11-10,4089
2004-11-09,4065
2004-11-08,4069
2004-11-05,4064
2004-11-04,4041
2004-11-03,4039
2004-11-02,4038
2004-11-01,4013
2004-10-29,3960
2004-10-28,3960
2004-10-27,3929
2004-10-26,3862
2004-10-25,3854
2004-10-22,3935
2004-10-21,3934
2004-10-20,3912
2004-10-19,3964
2004-10-18,3915
2004-10-15,3922
2004-10-14,3940
2004-10-13,3976
2004-10-12,3958
2004-10-11,4018
2004-10-08,4016
2004-10-07,4043
2004-10-06,4050
2004-10-05,4049
2004-10-04,4033
2004-10-01,3995
2004-09-30,3893
2004-09-29,3920
2004-9-28,3882
2004-9-27,3874
2004-9-24,3910
2004-9-23,3905
2004-9-22,3942
2004-9-21,3991
2004-9-20,3977
2004-9-17,3988
2004-9-16,3963
2004-9-15,3941
2004-9-14,3947
2004-9-13,3953
2004-9-10,3886
2004-9-9,3851
2004-9-8,3884
2004-9-7,3889
2004-9-6,3887
2004-9-3,3866
2004-9-2,3833
2004-9-1,3817
2004-8-31,3785
2004-8-30,3838
2004-8-27,3851
2004-8-26,3832
2004-8-25,3788
2004-8-24,3771
2004-8-23,3772
2004-8-20,3712
2004-8-19,3722
2004-8-18,3726
2004-8-17,3705
2004-8-16,3699
2004-8-13,3646
2004-8-12,3658
2004-8-11,3678
2004-8-10,3720
2004-8-9,3690
2004-8-6,3727
2004-8-5,3829
2004-8-4,3823
2004-8-3,3877
2004-8-2,3862
2004-7-30,3895
2004-7-29,3889
2004-7-28,3807
2004-7-27,3814
2004-7-26,3752
2004-7-23,3797
2004-7-22,3801
2004-7-21,3877
2004-7-20,3837
2004-7-19,3812
2004-7-16,3845
2004-7-15,3847
2004-7-14,3898
2004-7-13,3903
2004-7-12,3893
2004-7-9,3924
2004-7-8,3934
2004-7-7,3930
2004-7-6,3944
2004-7-5,3995
2004-7-2,3998
2004-7-1,4035
2004-6-30,4052
2004-6-29,4069
2004-6-28,4069
2004-6-25,4013
2004-6-24,4007
2004-6-23,3945
2004-6-22,3928
2004-6-21,3989
2004-6-18,3999
2004-6-17,3985
2004-6-16,4003
2004-6-15,3987
2004-6-14,3948
2004-6-11,4014
2004-6-10,4021
2004-6-9,3997
2004-6-8,4018
2004-6-7,4017
2004-6-4,3961
2004-6-3,3917
2004-6-2,3888
2004-6-1,3864
2004-5-31,3921
2004-5-28,3902
2004-5-27,3913
2004-5-26,3867
2004-5-25,3828
2004-5-24,3867
2004-5-21,3831
2004-5-20,3839
2004-5-19,3872
2004-5-18,3789
2004-5-17,3754
2004-5-14,3803
2004-5-13,3824
2004-5-12,3776
2004-5-11,3849
2004-5-10,3784
2004-5-7,3895
2004-5-6,3909
2004-5-5,4022
2004-5-4,3990
2004-5-3,4007
2004-4-30,3985
2004-4-29,4008
2004-4-28,4065
2004-4-27,4134
2004-4-26,4125
2004-4-23,4103
2004-4-22,4059
2004-4-21,4026
2004-4-20,4061
2004-4-19,4025
2004-4-16,4033
2004-4-15,4004
2004-4-14,4012
2004-4-13,4071
2004-4-8,4013
2004-4-7,4001
2004-4-6,4022
2004-4-5,4048
2004-4-2,4007
2004-4-1,3924
2004-3-31,3856
2004-3-30,3874
2004-3-29,3881
2004-3-26,3822
2004-3-25,3811
2004-3-24,3726
2004-3-23,3728
2004-3-22,3729
2004-3-19,3819
2004-3-18,3827
2004-3-17,3896
2004-3-16,3822
2004-3-15,3810
2004-3-12,3915
2004-3-11,3904
2004-3-10,4044
2004-3-9,4087
2004-3-8,4145
2004-3-5,4126
2004-3-4,4133
2004-3-3,4071
2004-3-2,4100
2004-3-1,4054
2004-2-27,4018
2004-2-26,4007
2004-2-25,3995
2004-2-24,3991
2004-2-23,4068
2004-2-20,4073
2004-2-19,4141
2004-2-18,4095
2004-2-17,4095
2004-2-16,4070
2004-2-13,4057
2004-2-12,4121
2004-2-11,4122
2004-2-10,4110
2004-2-9,4098
2004-2-6,4044
2004-2-5,4014
2004-2-4,4028
2004-2-3,4057
2004-2-2,4071
2004-1-30,4058
2004-1-29,4095
2004-1-28,4150
2004-1-27,4134
2004-1-26,4128
2004-1-23,4151
2004-1-22,4139
2004-1-21,4138
2004-1-20,4106
2004-1-19,4139
2004-1-16,4111
2004-1-15,4068
2004-1-14,4055
2004-1-13,3996
2004-1-12,3995
2004-1-9,4016
2004-1-8,4045
2004-1-7,4004
2004-1-6,4035
2004-1-5,4035
2004-1-2,4018
2003-12-30,3965
2003-12-29,3952
2003-12-23,3903
2003-12-22,3876
2003-12-19,3898
2003-12-18,3870
2003-12-17,3847
2003-12-16,3865
2003-12-15,3875
2003-12-12,3860
2003-12-11,3858
2003-12-10,3820
2003-12-9,3846
2003-12-8,3806
2003-12-5,3841
2003-12-4,3874
2003-12-3,3875
2003-12-2,3809
2003-12-1,3821
2003-11-28,3745
2003-11-27,3744
2003-11-26,3712
2003-11-25,3733
2003-11-24,3737
2003-11-21,3642
2003-11-20,3638
2003-11-19,3652
2003-11-18,3666
2003-11-17,3674
2003-11-14,3797
2003-11-13,3765
2003-11-12,3748
2003-11-11,3729
2003-11-10,3746
2003-11-7,3782
2003-11-6,3733
2003-11-5,3717
2003-11-4,3741
2003-11-3,3744
2003-10-31,3655
2003-10-30,3639
2003-10-29,3615
2003-10-28,3586
2003-10-27,3517
2003-10-24,3452
2003-10-23,3497
2003-10-22,3490
2003-10-21,3580
2003-10-20,3559
2003-10-17,3516
2003-10-16,3577
2003-10-15,3570
2003-10-14,3538
2003-10-13,3538
2003-10-10,3471
2003-10-9,3481
2003-10-8,3395
2003-10-7,3355
2003-10-6,3404
2003-10-3,3419
2003-10-2,3276
2003-10-1,3329
2003-9-30,3256
2003-9-29,3323
2003-9-26,3324
2003-9-25,3326
2003-9-24,3307
2003-9-23,3411
2003-9-22,3456
2003-9-19,3578
2003-9-18,3612
2003-9-17,3561
2003-9-16,3564
2003-9-15,3516
2003-9-12,3508
2003-9-11,3566
2003-9-10,3536
2003-9-9,3594
2003-9-8,3641
2003-9-5,3607
2003-9-4,3668
2003-9-3,3647
2003-9-2,3567
2003-9-1,3571
2003-8-29,3484
2003-8-28,3492
2003-8-27,3483
2003-8-26,3455
2003-8-25,3500
2003-8-22,3549
2003-8-21,3565
2003-8-20,3501
2003-8-19,3504
2003-8-18,3507
2003-8-15,3443
2003-8-14,3452
2003-8-13,3398
2003-8-12,3381
2003-8-11,3339
2003-8-8,3332
2003-8-7,3331
2003-8-6,3375
2003-8-5,3438
2003-8-4,3405
2003-8-1,3438
2003-7-31,3487
2003-7-30,3429
2003-7-29,3428
2003-7-28,3417
2003-7-25,3356
2003-7-24,3374
2003-7-23,3304
2003-7-22,3318
2003-7-21,3287
2003-7-18,3366
2003-7-17,3330
2003-7-16,3387
2003-7-15,3384
2003-7-14,3396
2003-7-11,3326
2003-7-10,3269
2003-7-9,3322
2003-7-8,3344
2003-7-7,3332
2003-7-4,3239
2003-7-3,3241
2003-7-2,3241
2003-7-1,3146
2003-6-30,3220
2003-6-27,3224
2003-6-26,3241
2003-6-25,3198
2003-6-24,3217
2003-6-23,3186
2003-6-20,3238
2003-6-19,3247
2003-6-18,3304
2003-6-17,3286
2003-6-16,3264
2003-6-13,3168
2003-6-12,3219
2003-6-11,3178
2003-6-10,3140
2003-6-9,3094
2003-6-6,3127
2003-6-5,3039
2003-6-4,3080
2003-6-3,3026
2003-6-2,3064
2003-5-30,2982
2003-5-29,2906
2003-5-28,2919
2003-5-27,2873
2003-5-26,2828
2003-5-23,2822
2003-5-22,2865
2003-5-21,2827
2003-5-20,2838
2003-5-19,2850
2003-5-16,2989
2003-5-15,2989
2003-5-14,2926
2003-5-13,2909
2003-5-12,2937
2003-5-9,2956
2003-5-8,2886
2003-5-7,3005
2003-5-6,3066
2003-5-5,3013
2003-5-2,2986
2003-4-30,2942
2003-4-29,2908
2003-4-28,2953
2003-4-25,2838
2003-4-24,2891
2003-4-23,2974
2003-4-22,2960
2003-4-17,2899
2003-4-16,2824
2003-4-15,2834
2003-4-14,2776
2003-4-11,2733
2003-4-10,2697
2003-4-9,2734
2003-4-8,2767
2003-4-7,2808
2003-4-4,2654
2003-4-3,2569
2003-4-2,2589
2003-4-1,2450
2003-3-31,2423
2003-3-28,2520
2003-3-27,2584
2003-3-26,2579
2003-3-25,2636
2003-3-24,2548
2003-3-21,2715
2003-3-20,2604
2003-3-19,2615
2003-3-18,2584
2003-3-17,2487
2003-3-14,2403
2003-3-13,2354
2003-3-12,2202
2003-3-11,2305
2003-3-10,2329
2003-3-7,2431
2003-3-6,2437
2003-3-5,2498
2003-3-4,2501
2003-3-3,2549
2003-2-28,2547
2003-2-27,2513
2003-2-26,2450
2003-2-25,2485
2003-2-24,2571
2003-2-21,2648
2003-2-20,2591
2003-2-19,2624
2003-2-18,2740
2003-2-17,2708
2003-2-14,2674
2003-2-13,2555
2003-2-12,2571
2003-2-11,2627
2003-2-10,2586
2003-2-7,2569
2003-2-6,2649
2003-2-5,2725
2003-2-4,2632
2003-2-3,2751
2003-1-31,2747
2003-1-30,2693
2003-1-29,2706
2003-1-28,2671
2003-1-27,2643
2003-1-24,2717
2003-1-23,2811
2003-1-22,2803
2003-1-21,2870
2003-1-20,2893
2003-1-17,2918
2003-1-16,3054
2003-1-15,3049
2003-1-14,3098
2003-1-13,3060
2003-1-10,3037
2003-1-9,3037
2003-1-8,2993
2003-1-7,3112
2003-1-6,3157
2003-1-3,3092
2003-1-2,3105
2002-12-30,2892
2002-12-27,2840
2002-12-23,3000
2002-12-20,3024
2002-12-19,2961
2002-12-18,3022
2002-12-17,3139
2002-12-16,3205
2002-12-13,3077
2002-12-12,3111
2002-12-11,3196
2002-12-10,3167
2002-12-9,3065
2002-12-6,3207
2002-12-5,3224
2002-12-4,3320
2002-12-3,3280
2002-12-2,3380
2002-11-29,3320
2002-11-28,3360
2002-11-27,3346
2002-11-26,3191
2002-11-25,3299
2002-11-22,3320
2002-11-21,3304
2002-11-20,3212
2002-11-19,3206
2002-11-18,3218
2002-11-15,3191
2002-11-14,3188
2002-11-13,3066
2002-11-12,3115
2002-11-11,3042
2002-11-8,3079
2002-11-7,3155
2002-11-6,3298
2002-11-5,3351
2002-11-4,3327
2002-11-1,3165
2002-10-31,3152
2002-10-30,3113
2002-10-29,3022
2002-10-28,3198
2002-10-25,3102
2002-10-24,3090
2002-10-23,3015
2002-10-22,3155
2002-10-21,3282
2002-10-18,3163
2002-10-17,3172
2002-10-16,3008
2002-10-15,3048
2002-10-14,2850
2002-10-11,2930
2002-10-10,2733
2002-10-9,2597
2002-10-8,2622
2002-10-7,2667
2002-10-4,2714
2002-10-3,2813
2002-10-2,2926
2002-10-1,2865
2002-9-30,2769
2002-9-27,2918
2002-9-26,3020
2002-9-25,2962
2002-9-24,2873
2002-9-23,2914
2002-9-20,3065
2002-9-19,3007
2002-9-18,3124
2002-9-17,3289
2002-9-16,3319
2002-9-13,3361
2002-9-12,3421
2002-9-11,3584
2002-9-10,3494
2002-9-9,3429
2002-9-6,3485
2002-9-5,3354
2002-9-4,3425
2002-9-3,3398
2002-9-2,3609
2002-8-30,3712
2002-8-29,3660
2002-8-28,3682
2002-8-27,3851
2002-8-26,3783
2002-8-23,3828
2002-8-22,3906
2002-8-21,3868
2002-8-20,3768
2002-8-19,3837
2002-8-16,3684
2002-8-15,3665
2002-8-14,3589
2002-8-13,3683
2002-8-12,3647
2002-8-9,3760
2002-8-8,3679
2002-8-7,3465
2002-8-6,3568
2002-8-5,3332
2002-8-2,3532
2002-8-1,3606
2002-7-31,3700
2002-7-30,3878
2002-7-29,3859
2002-7-26,3579
2002-7-25,3520
2002-7-24,3632
2002-7-23,3515
2002-7-22,3691
2002-7-19,3891
2002-7-18,4100
2002-7-17,4092
2002-7-16,3977
2002-7-15,3912
2002-7-12,4130
2002-7-11,4118
2002-7-10,4190
2002-7-9,4369
2002-7-8,4442
2002-7-5,4483
2002-7-4,4258
2002-7-3,4138
2002-7-2,4195
2002-7-1,4366
2002-6-28,4382
2002-6-27,4259
2002-6-26,4099
2002-6-25,4202
2002-6-24,4127
2002-6-21,4232
2002-6-20,4245
2002-6-19,4354
2002-6-18,4433
2002-6-17,4475
2002-6-14,4303
2002-6-13,4470
2002-6-12,4510
2002-6-11,4606
2002-6-10,4589
2002-6-7,4610
2002-6-6,4657
2002-6-5,4624
2002-6-4,4625
2002-6-3,4747
2002-5-31,4818
2002-5-30,4761
2002-5-29,4881
2002-5-28,4918
2002-5-27,4961
2002-5-24,4899
2002-5-23,4879
2002-5-22,4919
2002-5-21,4984
2002-5-20,4998
2002-5-17,5036
2002-5-16,5047
2002-5-15,5072
2002-5-14,5049
2002-5-13,4975
2002-5-10,4871
2002-5-9,4966
2002-5-8,5028
2002-5-7,4872
2002-5-6,4880
2002-5-3,4882
2002-5-2,4964
2002-4-30,5041
2002-4-29,5008
2002-4-26,5000
2002-4-25,5054
2002-4-24,5160
2002-4-23,5192
2002-4-22,5205
2002-4-19,5284
2002-4-18,5262
2002-4-17,5318
2002-4-16,5343
2002-4-15,5244
2002-4-12,5189
2002-4-11,5162
2002-4-10,5265
2002-4-9,5170
2002-4-8,5180
2002-4-5,5260
2002-4-4,5254
2002-4-3,5281
2002-4-2,5311
2002-3-28,5397
2002-3-27,5348
2002-3-26,5390
2002-3-25,5317
2002-3-22,5366
2002-3-21,5348
2002-3-20,5364
2002-3-19,5462
2002-3-18,5426
2002-3-15,5401
2002-3-14,5276
2002-3-13,5245
2002-3-12,5275
2002-3-11,5340
2002-3-8,5359
2002-3-7,5289
2002-3-6,5285
2002-3-5,5228
2002-3-4,5245
2002-3-1,5097
2002-2-28,5039
2002-2-27,4960
2002-2-26,4897
2002-2-25,4863
2002-2-22,4745
2002-2-21,4850
2002-2-20,4780
2002-2-19,4764
2002-2-18,4871
2002-2-15,4862
2002-2-14,4973
2002-2-13,4935
2002-2-12,4884
2002-2-11,4940
2002-2-8,4835
2002-2-7,4862
2002-2-6,4804
2002-2-5,4936
2002-2-4,4984
2002-2-1,5097
2002-1-31,5107
2002-1-30,5052
2002-1-29,5084
2002-1-28,5159
2002-1-25,5156
2002-1-24,5170
2002-1-23,5163
2002-1-22,5045
2002-1-21,5069
2002-1-18,5122
2002-1-17,5133
2002-1-16,4984
2002-1-15,5062
2002-1-14,5065
2002-1-11,5209
2002-1-10,5228
2002-1-9,5288
2002-1-8,5236
2002-1-7,5232
2002-1-4,5318
2002-1-3,5270
2002-1-2,5167
2001-12-28,5160
2001-12-27,5117
2001-12-21,5019
2001-12-20,4934
2001-12-19,4984
2001-12-18,5039
2001-12-17,5067
2001-12-14,4909
2001-12-13,4966
2001-12-12,5062
2001-12-11,5146
2001-12-10,5124
2001-12-7,5199
2001-12-6,5271
2001-12-5,5262
2001-12-4,5013
2001-12-3,4988
2001-11-30,4989
2001-11-29,4936
2001-11-28,4915
2001-11-27,5059
2001-11-26,5114
2001-11-23,5150
2001-11-22,5124
2001-11-21,5087
2001-11-20,5096
2001-11-19,5185
2001-11-16,5062
2001-11-15,5006
2001-11-14,4953
2001-11-13,4946
2001-11-12,4820
2001-11-9,4910
2001-11-8,4993
2001-11-7,4860
2001-11-6,4707
2001-11-5,4755
2001-11-2,4583
2001-11-1,4636
2001-10-31,4559
2001-10-30,4543
2001-10-29,4660
2001-10-26,4820
2001-10-25,4715
2001-10-24,4811
2001-10-23,4704
2001-10-22,4619
2001-10-19,4513
2001-10-18,4574
2001-10-17,4644
2001-10-16,4626
2001-10-15,4548
2001-10-12,4625
2001-10-11,4718
2001-10-10,4613
2001-10-9,4472
2001-10-8,4495
2001-10-5,4487
2001-10-4,4548
2001-10-3,4436
2001-10-2,4304
2001-10-1,4239
2001-9-28,4308
2001-9-27,4184
2001-9-26,4095
2001-9-25,4009
2001-9-24,4038
2001-9-21,3787
2001-9-20,3809
2001-9-19,4041
2001-9-18,4194
2001-9-17,4234
2001-9-14,4115
2001-9-13,4392
2001-9-12,4335
2001-9-11,4273
2001-9-10,4670
2001-9-7,4730
2001-9-6,4875
2001-9-5,5048
2001-9-4,5208
2001-9-3,5094
2001-8-31,5188
2001-8-30,5162
2001-8-29,5305
2001-8-28,5308
2001-8-27,5406
2001-8-24,5387
2001-8-23,5254
2001-8-22,5220
2001-8-21,5216
2001-8-20,5207
2001-8-17,5222
2001-8-16,5361
2001-8-15,5455
2001-8-14,5520
2001-8-13,5453
2001-8-10,5433
2001-8-9,5512
2001-8-8,5614
2001-8-7,5752
2001-8-6,5746
2001-8-3,5735
2001-8-2,5777
2001-8-1,5835
2001-7-31,5861
2001-7-30,5792
2001-7-27,5754
2001-7-26,5675
2001-7-25,5582
2001-7-24,5663
2001-7-23,5791
2001-7-20,5764
2001-7-19,5829
2001-7-18,5728
2001-7-17,5846
2001-7-16,5853
2001-7-13,5928
2001-7-12,5889
2001-7-11,5801
2001-7-10,5816
2001-7-9,5869
2001-7-6,5862
2001-7-5,5999
2001-7-4,6015
2001-7-3,6056
2001-7-2,6109
2001-6-29,6058
2001-6-28,5971
2001-6-27,5833
2001-6-26,5847
2001-6-25,5902
2001-6-22,5941
2001-6-21,5926
2001-6-20,5876
2001-6-19,5922
2001-6-18,5869
2001-6-15,5915
2001-6-14,6031
2001-6-13,6111
2001-6-12,6059
2001-6-11,6162
2001-6-8,6187
2001-6-7,6184
2001-6-6,6192
2001-6-5,6242
2001-6-4,6177
2001-6-1,6125
2001-5-31,6123
2001-5-30,6041
2001-5-29,6120
2001-5-28,6216
2001-5-25,6223
2001-5-24,6278
2001-5-23,6215
2001-5-22,6270
2001-5-21,6249
2001-5-18,6186
2001-5-17,6173
2001-5-16,6148
2001-5-15,6070
2001-5-14,6064
2001-5-11,6141
2001-5-10,6165
2001-5-9,6063
2001-5-8,6108
2001-5-7,6122
2001-5-4,6138
2001-5-3,6089
2001-5-2,6213
2001-4-30,6264
2001-4-27,6175
2001-4-26,6123
2001-4-25,6115
2001-4-24,6124
2001-4-23,6051
2001-4-20,6127
2001-4-19,6181
2001-4-18,6164
2001-4-17,5935
2001-4-12,6002
2001-4-11,5951
2001-4-10,5913
2001-4-9,5781
2001-4-6,5698
2001-4-5,5773
2001-4-4,5597
2001-4-3,5553
2001-4-2,5760
2001-3-30,5829
2001-3-29,5879
2001-3-28,5817
2001-3-27,5938
2001-3-26,5726
2001-3-23,5544
2001-3-22,5388
2001-3-21,5622
2001-3-20,5782
2001-3-19,5657
2001-3-16,5734
2001-3-15,5889
2001-3-14,5794
2001-3-13,5962
2001-3-12,6046
2001-3-9,6204
2001-3-8,6267
2001-3-7,6305
2001-3-6,6284
2001-3-5,6216
2001-3-2,6159
2001-3-1,6123
2001-2-28,6208
2001-2-27,6220
2001-2-26,6189
2001-2-23,6075
2001-2-22,6277
2001-2-21,6347
2001-2-20,6451
2001-2-19,6472
2001-2-16,6439
2001-2-15,6591
2001-2-14,6479
2001-2-13,6557
2001-2-12,6564
2001-2-9,6497
2001-2-8,6636
2001-2-7,6578
2001-2-6,6693
2001-2-5,6628
2001-2-2,6638
2001-2-1,6704
2001-1-31,6795
2001-1-30,6739
2001-1-29,6750
2001-1-26,6695
2001-1-25,6727
2001-1-24,6706
2001-1-23,6722
2001-1-22,6675
2001-1-19,6651
2001-1-18,6635
2001-1-17,6653
2001-1-16,6502
2001-1-15,6522
2001-1-12,6490
2001-1-11,6465
2001-1-10,6320
2001-1-9,6404
2001-1-8,6392
2001-1-5,6382
2001-1-4,6376
2001-1-3,6434
2001-1-2,6289
2000-12-29,6433
2000-12-28,6371
2000-12-27,6328
2000-12-22,6251
2000-12-21,6200
2000-12-20,6248
2000-12-19,6479
2000-12-18,6390
2000-12-15,6331
2000-12-14,6469
2000-12-13,6620
2000-12-12,6733
2000-12-11,6782
2000-12-8,6691
2000-12-7,6566
2000-12-6,6622
2000-12-5,6637
2000-12-4,6408
2000-12-1,6512
2000-11-30,6372
2000-11-29,6598
2000-11-28,6625
2000-11-27,6696
2000-11-24,6664
2000-11-23,6601
2000-11-22,6510
2000-11-21,6678
2000-11-20,6609
2000-11-17,6752
2000-11-16,6842
2000-11-15,6961
2000-11-14,6966
2000-11-13,6742
2000-11-10,6851
2000-11-9,6959
2000-11-8,7008
2000-11-7,7076
2000-11-6,7136
2000-11-3,7128
2000-11-2,7088
2000-11-1,7059
2000-10-31,7077
2000-10-30,6926
2000-10-27,6924
2000-10-26,6767
2000-10-25,6748
2000-10-24,6802
2000-10-23,6620
2000-10-20,6618
2000-10-19,6619
2000-10-18,6483
2000-10-17,6531
2000-10-16,6627
2000-10-13,6661
2000-10-12,6465
2000-10-11,6561
2000-10-10,6673
2000-10-9,6680
2000-10-6,6776
2000-10-5,6892
2000-10-4,6823
2000-10-2,6862
2000-9-29,6798
2000-9-28,6832
2000-9-27,6814
2000-9-26,6765
2000-9-25,6788
2000-9-22,6740
2000-9-21,6682
2000-9-20,6765
2000-9-19,6937
2000-9-18,6891
2000-9-15,6999
2000-9-14,7048
2000-9-13,7006
2000-9-12,7135
2000-9-11,7214
2000-9-8,7267
2000-9-7,7373
2000-9-6,7333
2000-9-5,7395
2000-9-4,7445
2000-9-1,7344
2000-8-31,7216
2000-8-30,7185
2000-8-29,7294
2000-8-28,7339
2000-8-25,7307
2000-8-24,7230
2000-8-23,7232
2000-8-22,7249
2000-8-21,7199
2000-8-18,7232
2000-8-17,7278
2000-8-16,7315
2000-8-15,7307
2000-8-14,7331
2000-8-11,7322
2000-8-10,7280
2000-8-9,7226
2000-8-8,7123
2000-8-7,7113
2000-8-4,7016
2000-8-3,7037
2000-8-2,7112
2000-8-1,7145
2000-7-31,7190
2000-7-28,7128
2000-7-27,7183
2000-7-26,7302
2000-7-25,7329
2000-7-24,7328
2000-7-21,7373
2000-7-20,7480
2000-7-19,7366
2000-7-18,7406
2000-7-17,7430
2000-7-14,7318
2000-7-13,7195
2000-7-12,7065
2000-7-11,7003
2000-7-10,7070
2000-7-7,7052
2000-7-6,6951
2000-7-5,6961
2000-7-4,6944
2000-7-3,6958
2000-6-30,6898
2000-6-29,6874
2000-6-28,7056
2000-6-27,7048
2000-6-26,7027
2000-6-23,6980
2000-6-22,7053
2000-6-21,7100
2000-6-20,7227
2000-6-19,7198
2000-6-16,7131
2000-6-15,7328
2000-6-14,7350
2000-6-13,7268
2000-6-12,7235
2000-6-9,7254
2000-6-8,7243
2000-6-7,7292
2000-6-6,7359
2000-6-5,7408
2000-6-2,7438
2000-6-1,7272
2000-5-31,7109
2000-5-30,7119
2000-5-29,7016
2000-5-26,6938
2000-5-25,6978
2000-5-24,6834
2000-5-23,6927
2000-5-22,6912
2000-5-19,6989
2000-5-18,7181
2000-5-17,7211
2000-5-16,7371
2000-5-15,7195
2000-5-12,7269
2000-5-11,7259
2000-5-10,7120
2000-5-9,7280
2000-5-8,7408
2000-5-5,7530
2000-5-4,7386
2000-5-3,7376
2000-5-2,7555
2000-4-28,7414
2000-4-27,7221
2000-4-26,7388
2000-4-25,7280
2000-4-20,7157
2000-4-19,7216
2000-4-18,7196
2000-4-17,7187
2000-4-14,7214
2000-4-13,7449
2000-4-12,7443
2000-4-11,7442
2000-4-10,7516
2000-4-7,7522
2000-4-6,7446
2000-4-5,7330
2000-4-4,7522
2000-4-3,7429
2000-3-31,7599
2000-3-30,7644
2000-3-29,7864
2000-3-28,7931
2000-3-27,7892
2000-3-24,7932
2000-3-23,7694
2000-3-22,7798
2000-3-21,7807
2000-3-20,7872
2000-3-17,7710
2000-3-16,7583
2000-3-15,7414
2000-3-14,7650
2000-3-13,7693
2000-3-10,7975
2000-3-9,7949
2000-3-8,7987
2000-3-7,8064
2000-3-6,7975
2000-3-3,7960
2000-3-2,7945
2000-3-1,7727
2000-2-29,7644
2000-2-28,7587
2000-2-25,7738
2000-2-24,7640
2000-2-23,7698
2000-2-22,7607
2000-2-21,7590
2000-2-18,7573
2000-2-17,7580
2000-2-16,7490
2000-2-15,7396
2000-2-14,7644
2000-2-11,7611
2000-2-10,7709
2000-2-9,7629
2000-2-8,7549
2000-2-7,7296
2000-2-4,7444
2000-2-3,7354
2000-2-2,7171
2000-2-1,7050
2000-1-31,6835
2000-1-28,7066
2000-1-27,7126
2000-1-26,6969
2000-1-25,6809
2000-1-24,6931
2000-1-21,6992
2000-1-20,7112
2000-1-19,7091
2000-1-18,7072
2000-1-17,7258
2000-1-14,7173
2000-1-13,6955
2000-1-12,6912
2000-1-11,6891
2000-1-10,6925
2000-1-7,6780
2000-1-6,6474
2000-1-5,6502
2000-1-4,6586
2000-1-3,6750
1999-12-30,6958
1999-12-29,6859
1999-12-28,6861
1999-12-27,6837
1999-12-23,6782
1999-12-22,6492
1999-12-21,6418
1999-12-20,6378
1999-12-17,6353
1999-12-16,6341
1999-12-15,6232
1999-12-14,6187
1999-12-13,6127
1999-12-10,6097
1999-12-9,6118
1999-12-8,6115
1999-12-7,6158
1999-12-6,6142
1999-12-3,6119
1999-12-2,5937
1999-12-1,5933
1999-11-30,5896
1999-11-29,5888
1999-11-26,5958
1999-11-25,5961
1999-11-24,5818
1999-11-23,5814
1999-11-22,5819
1999-11-19,5955
1999-11-18,5950
1999-11-17,5870
1999-11-16,5909
1999-11-15,5859
1999-11-12,5791
1999-11-11,5802
1999-11-10,5742
1999-11-9,5694
1999-11-8,5647
1999-11-5,5658
1999-11-4,5635
1999-11-3,5560
1999-11-2,5546
1999-11-1,5524
1999-10-29,5525
1999-10-28,5478
1999-10-27,5363
1999-10-26,5388
1999-10-25,5320
1999-10-22,5357
1999-10-21,5246
1999-10-20,5291
1999-10-19,5296
1999-10-18,5156
1999-10-15,5184
1999-10-14,5220
1999-10-13,5295
1999-10-12,5358
1999-10-11,5414
1999-10-8,5419
1999-10-7,5419
1999-10-6,5353
1999-10-5,5301
1999-10-4,5218
1999-10-1,5124
1999-9-30,5149
1999-9-29,5135
1999-9-28,5119
1999-9-27,5239
1999-9-24,5186
1999-9-23,5299
1999-9-22,5238
1999-9-21,5282
1999-9-20,5351
1999-9-17,5303
1999-9-16,5304
1999-9-15,5387
1999-9-14,5401
1999-9-13,5446
1999-9-10,5483
1999-9-9,5436
1999-9-8,5400
1999-9-7,5391
1999-9-6,5400
1999-9-3,5336
1999-9-2,5189
1999-9-1,5317
1999-8-31,5270
1999-8-30,5392
1999-8-27,5420
1999-8-26,5389
1999-8-25,5400
1999-8-24,5324
1999-8-23,5301
1999-8-20,5254
1999-8-19,5186
1999-8-18,5230
1999-8-17,5259
1999-8-16,5257
1999-8-13,5219
1999-8-12,5127
1999-8-11,5019
1999-8-10,5000
1999-8-9,5087
1999-8-6,5010
1999-8-5,4978
1999-8-4,5119
1999-8-3,5107
1999-8-2,5129
1999-7-30,5101
1999-7-29,5052
1999-7-28,5229
1999-7-27,5224
1999-7-26,5206
1999-7-23,5310
1999-7-22,5340
1999-7-21,5414
1999-7-20,5491
1999-7-19,5624
1999-7-16,5619
1999-7-15,5619
1999-7-14,5610
1999-7-13,5573
1999-7-12,5652
1999-7-9,5638
1999-7-8,5607
1999-7-7,5588
1999-7-6,5612
1999-7-5,5625
1999-7-2,5519
1999-7-1,5480
1999-6-30,5378
1999-6-29,5359
1999-6-28,5356
1999-6-25,5301
1999-6-24,5327
1999-6-23,5399
1999-6-22,5468
1999-6-21,5468
1999-6-18,5430
1999-6-17,5412
1999-6-16,5381
1999-6-15,5342
1999-6-14,5268
1999-6-11,5262
1999-6-10,5206
1999-6-9,5253
1999-6-8,5211
1999-6-7,5190
1999-6-4,5107
1999-6-2,4997
1999-6-1,5021
1999-5-31,5069
1999-5-28,5068
1999-5-27,5083
1999-5-26,5160
1999-5-25,5143
1999-5-21,5264
1999-5-20,5235
1999-5-19,5181
1999-5-18,5154
1999-5-17,5114
1999-5-14,5173
1999-5-12,5248
1999-5-11,5249
1999-5-10,5205
1999-5-7,5297
1999-5-6,5274
1999-5-5,5307
1999-5-4,5383
1999-5-3,5377
1999-4-30,5393
1999-4-29,5334
1999-4-28,5348
1999-4-27,5347
1999-4-26,5256
1999-4-23,5195
1999-4-22,5218
1999-4-21,5163
1999-4-20,5087
1999-4-19,5220
1999-4-16,5155
1999-4-15,5181
1999-4-14,5182
1999-4-13,5199
1999-4-12,5159
1999-4-9,5124
1999-4-8,5068
1999-4-7,5052
1999-4-6,4965
1999-4-1,4914
1999-3-31,4884
1999-3-30,4856
1999-3-29,4876
1999-3-26,4775
1999-3-25,4863
1999-3-24,4780
1999-3-23,4915
1999-3-22,5027
1999-3-19,5099
1999-3-18,5013
1999-3-17,5077
1999-3-16,5094
1999-3-15,5029
1999-3-12,5008
1999-3-11,4754
1999-3-10,4721
1999-3-9,4758
1999-3-8,4788
1999-3-5,4839
1999-3-4,4678
1999-3-3,4697
1999-3-2,4804
1999-3-1,4784
1999-2-26,4911
1999-2-25,4958
1999-2-24,5062
1999-2-23,4987
1999-2-22,4845
1999-2-19,4802
1999-2-18,4845
1999-2-17,4810
1999-2-16,4904
1999-2-15,4879
1999-2-12,4888
1999-2-11,4839
1999-2-10,4796
1999-2-9,4904
1999-2-8,5027
1999-2-5,5080
1999-2-4,5077
1999-2-3,5085
1999-2-2,5166
1999-2-1,5190
1999-1-29,5159
1999-1-28,5096
1999-1-27,5061
1999-1-26,4986
1999-1-25,4982
1999-1-22,5019
1999-1-21,5156
1999-1-20,5143
1999-1-19,5073
1999-1-18,5050
1999-1-15,4960
1999-1-14,4912
1999-1-13,4931
1999-1-12,5200
1999-1-11,5270
1999-1-8,5392
1999-1-7,5323
1999-1-6,5443
1999-1-5,5253
1999-1-4,5252
1998-12-30,5002
1998-12-29,5031
1998-12-28,5044
1998-12-23,4951
1998-12-22,4825
1998-12-21,4780
1998-12-18,4629
1998-12-17,4723
1998-12-16,4663
1998-12-15,4574
1998-12-14,4522
1998-12-11,4536
1998-12-10,4642
1998-12-9,4663
1998-12-8,4699
1998-12-7,4713
1998-12-4,4775
1998-12-3,4787
1998-12-2,4691
1998-12-1,4781
1998-11-30,5022
1998-11-27,5121
1998-11-26,5051
1998-11-25,4944
1998-11-24,4958
1998-11-23,5019
1998-11-20,4911
1998-11-19,4795
1998-11-18,4698
1998-11-17,4702
1998-11-16,4783
1998-11-13,4639
1998-11-12,4639
1998-11-11,4717
1998-11-10,4662
1998-11-9,4768
1998-11-6,4836
1998-11-5,4811
1998-11-4,4841
1998-11-3,4705
1998-11-2,4761
1998-10-30,4671
1998-10-29,4549
1998-10-28,4536
1998-10-27,4682
1998-10-26,4577
1998-10-23,4451
1998-10-22,4454
1998-10-21,4523
1998-10-20,4595
1998-10-19,4458
1998-10-16,4489
1998-10-15,4399
1998-10-14,4318
1998-10-13,4274
1998-10-12,4225
1998-10-9,3983
1998-10-8,3896
1998-10-7,4087
1998-10-6,4156
1998-10-5,4034
1998-10-2,3962
1998-10-1,4226
1998-9-30,4474
1998-9-29,4578
1998-9-28,4653
1998-9-25,4561
1998-9-24,4646
1998-9-23,4699
1998-9-22,4575
1998-9-21,4433
1998-9-18,4598
1998-9-17,4669
1998-9-16,4857
1998-9-15,4831
1998-9-14,4896
1998-9-11,4737
1998-9-10,4747
1998-9-9,5040
1998-9-8,5103
1998-9-7,4923
1998-9-4,4820
1998-9-3,4812
1998-9-2,4970
1998-9-1,4791
1998-8-31,4833
1998-8-28,4993
1998-8-27,5060
1998-8-26,5231
1998-8-25,5371
1998-8-24,5234
1998-8-21,5163
1998-8-20,5488
1998-8-19,5596
1998-8-18,5568
1998-8-17,5456
1998-8-14,5447
1998-8-13,5356
1998-8-12,5402
1998-8-11,5268
1998-8-10,5476
1998-8-7,5581
1998-8-6,5517
1998-8-5,5632
1998-8-4,5756
1998-8-3,5758
1998-7-31,5873
1998-7-30,5880
1998-7-29,5853
1998-7-28,5889
1998-7-27,5885
1998-7-24,6035
1998-7-23,6058
1998-7-22,6110
1998-7-21,6165
1998-7-20,6171
1998-7-17,6147
1998-7-16,6094
1998-7-15,6108
1998-7-14,6095
1998-7-13,6019
1998-7-10,5982
1998-7-9,5996
1998-7-8,6013
1998-7-7,5960
1998-7-6,5918
1998-7-3,5953
1998-7-2,5904
1998-7-1,5906
1998-6-30,5897
1998-6-29,5915
1998-6-26,5870
1998-6-25,5866
1998-6-24,5779
1998-6-23,5718
1998-6-22,5654
1998-6-19,5702
1998-6-18,5718
1998-6-17,5709
1998-6-16,5591
1998-6-15,5527
1998-6-12,5670
1998-6-10,5754
1998-6-9,5760
1998-6-8,5779
1998-6-5,5688
1998-6-4,5592
1998-6-3,5613
1998-6-2,5582
1998-5-29,5569
1998-5-28,5481
1998-5-27,5490
1998-5-26,5644
1998-5-25,5575
1998-5-22,5564
1998-5-20,5510
1998-5-19,5388
1998-5-18,5342
1998-5-15,5393
1998-5-14,5361
1998-5-13,5376
1998-5-12,5297
1998-5-11,5341
1998-5-8,5257
1998-5-7,5186
1998-5-6,5229
1998-5-5,5232
1998-5-4,5314
1998-4-30,5107
1998-4-29,5108
1998-4-28,5018
1998-4-27,5088
1998-4-24,5144
1998-4-23,5251
1998-4-22,5360
1998-4-21,5388
1998-4-20,5442
1998-4-17,5268
1998-4-16,5324
1998-4-15,5388
1998-4-14,5374
1998-4-9,5317
1998-4-8,5269
1998-4-7,5357
1998-4-6,5271
1998-4-3,5223
1998-4-2,5176
1998-4-1,5154
1998-3-31,5102
1998-3-30,5069
1998-3-27,5083
1998-3-26,5039
1998-3-25,5096
1998-3-24,5028
1998-3-23,4971
1998-3-20,5001
1998-3-19,4936
1998-3-18,4919
1998-3-17,4946
1998-3-16,4883
1998-3-13,4889
1998-3-12,4839
1998-3-11,4832
1998-3-10,4834
1998-3-9,4780
1998-3-6,4715
1998-3-5,4623
1998-3-4,4709
1998-3-3,4757
1998-3-2,4736
1998-2-27,4709
1998-2-26,4692
1998-2-25,4635
1998-2-24,4599
1998-2-23,4657
1998-2-20,4602
1998-2-19,4582
1998-2-18,4628
1998-2-17,4602
1998-2-16,4520
1998-2-13,4502
1998-2-12,4536
1998-2-11,4588
1998-2-10,4523
1998-2-9,4563
1998-2-6,4496
1998-2-5,4548
1998-2-4,4486
1998-2-3,4532
1998-2-2,4522
1998-1-30,4440
1998-1-29,4419
1998-1-28,4391
1998-1-27,4278
1998-1-26,4224
1998-1-23,4237
1998-1-22,4220
1998-1-21,4282
1998-1-20,4307
1998-1-19,4284
1998-1-16,4184
1998-1-15,4148
1998-1-14,4190
1998-1-13,4159
1998-1-12,4087
1998-1-9,4236
1998-1-8,4347
1998-1-7,4391
1998-1-6,4352
1998-1-5,4384
1998-1-2,4315
1997-12-30,4249
1997-12-29,4197
1997-12-23,4121
1997-12-22,4043
1997-12-19,4084
1997-12-18,4166
1997-12-17,4158
1997-12-16,4083
1997-12-15,4060
1997-12-12,4082
1997-12-11,4030
1997-12-10,4117
1997-12-9,4184
1997-12-8,4223
1997-12-5,4170
1997-12-4,4139
1997-12-3,4082
1997-12-2,4072
1997-12-1,4068
1997-11-28,3949
1997-11-27,3953
1997-11-26,3916
1997-11-25,3849
1997-11-24,3830
1997-11-21,3959
1997-11-20,3915
1997-11-19,3834
1997-11-18,3833
1997-11-17,3794
1997-11-14,3730
1997-11-13,3704
1997-11-12,3659
1997-11-11,3731
1997-11-10,3752
1997-11-7,3699
1997-11-6,3823
1997-11-5,3866
1997-11-4,3812
1997-11-3,3854
1997-10-31,3726
1997-10-30,3727
1997-10-29,3791
1997-10-28,3567
1997-10-27,3879
1997-10-24,4050
1997-10-23,3977
1997-10-22,4171
1997-10-21,4139
1997-10-20,4040
1997-10-17,4061
1997-10-16,4118
1997-10-15,4193
1997-10-14,4202
1997-10-13,4231
1997-10-10,4188
1997-10-9,4243
1997-10-8,4347
1997-10-7,4307
1997-10-6,4302
1997-10-2,4273
1997-10-1,4196
1997-9-30,4167
1997-9-29,4104
1997-9-26,4080
1997-9-25,4148
1997-9-24,4102
1997-9-23,4098
1997-9-22,4088
1997-9-19,4032
1997-9-18,4000
1997-9-17,4010
1997-9-16,3898
1997-9-15,3820
1997-9-12,3854
1997-9-11,3972
1997-9-10,4050
1997-9-9,4094
1997-9-8,4068
1997-9-5,4100
1997-9-4,4071
1997-9-3,4103
1997-9-2,4047
1997-9-1,3989
1997-8-29,3906
1997-8-28,3973
1997-8-27,3995
1997-8-26,3959
1997-8-25,4071
1997-8-22,4086
1997-8-21,4253
1997-8-20,4223
1997-8-19,4169
1997-8-18,4078
1997-8-15,4152
1997-8-14,4231
1997-8-13,4278
1997-8-12,4363
1997-8-11,4333
1997-8-8,4354
1997-8-7,4414
1997-8-6,4335
1997-8-5,4302
1997-8-4,4296
1997-8-1,4408
1997-7-31,4438
1997-7-30,4421
1997-7-29,4381
1997-7-28,4371
1997-7-25,4317
1997-7-24,4335
1997-7-23,4406
1997-7-22,4230
1997-7-21,4108
1997-7-18,4196
1997-7-17,4227
1997-7-16,4201
1997-7-15,4121
1997-7-14,4124
1997-7-11,4040
1997-7-10,3992
1997-7-9,4055
1997-7-8,4006
1997-7-7,3972
1997-7-4,3942
1997-7-3,3887
1997-7-2,3854
1997-7-1,3819
1997-6-30,3785
1997-6-27,3795
1997-6-26,3805
1997-6-25,3798
1997-6-24,3755
1997-6-23,3754
1997-6-20,3788
1997-6-19,3749
1997-6-18,3730
1997-6-17,3741
1997-6-16,3765
1997-6-13,3744
1997-6-12,3707
1997-6-11,3677
1997-6-10,3665
1997-6-9,3667
1997-6-6,3695
1997-6-5,3673
1997-6-4,3661
1997-6-3,3625
1997-6-2,3605
1997-5-30,3547
1997-5-28,3636
1997-5-27,3674
1997-5-26,3657
1997-5-23,3602
1997-5-22,3579
1997-5-21,3596
1997-5-20,3543
1997-5-16,3604
1997-5-15,3562
1997-5-14,3573
1997-5-13,3595
1997-5-12,3575
1997-5-9,3562
1997-5-7,3551
1997-5-6,3568
1997-5-5,3528
1997-5-2,3460
1997-4-30,3438
1997-4-29,3383
1997-4-28,3363
1997-4-25,3377
1997-4-24,3397
1997-4-23,3395
1997-4-22,3340
1997-4-21,3347
1997-4-18,3344
1997-4-17,3383
1997-4-16,3353
1997-4-15,3327
1997-4-14,3279
1997-4-11,3340
1997-4-10,3351
1997-4-9,3359
1997-4-8,3329
1997-4-7,3312
1997-4-4,3244
1997-4-3,3215
1997-4-2,3301
1997-4-1,3295
1997-3-27,3429
1997-3-26,3418
1997-3-25,3349
1997-3-24,3321
1997-3-21,3298
1997-3-20,3264
1997-3-19,3315
1997-3-18,3291
1997-3-17,3350
1997-3-14,3359
1997-3-13,3349
1997-3-12,3415
1997-3-11,3460
1997-3-10,3436
1997-3-7,3376
1997-3-6,3417
1997-3-5,3364
1997-3-4,3320
1997-3-3,3263
1997-2-28,3259
1997-2-27,3276
1997-2-26,3237
1997-2-25,3233
1997-2-24,3184
1997-2-21,3184
1997-2-20,3196
1997-2-19,3233
1997-2-18,3276
1997-2-17,3232
1997-2-14,3248
1997-2-13,3229
1997-2-12,3216
1997-2-11,3187
1997-2-10,3184
1997-2-7,3138
1997-2-6,3104
1997-2-5,3098
1997-2-4,3067
1997-2-3,3062
1997-1-31,3035
1997-1-30,3017
1997-1-29,2999
1997-1-28,2989
1997-1-27,2994
1997-1-24,2998
1997-1-23,3033
1997-1-22,3028
1997-1-21,2976
1997-1-20,3030
1997-1-17,3001
1997-1-16,2993
1997-1-15,2988
1997-1-14,2948
1997-1-13,2954
1997-1-10,2933
1997-1-9,2892
1997-1-8,2906
1997-1-7,2886
1997-1-6,2881
1997-1-3,2859
1997-1-2,2848
1996-12-30,2888
1996-12-27,2852
1996-12-23,2845
1996-12-20,2854
1996-12-19,2807
1996-12-18,2820
1996-12-17,2815
1996-12-16,2855
1996-12-13,2799
1996-12-12,2847
1996-12-11,2841
1996-12-10,2891
1996-12-9,2857
1996-12-6,2791
1996-12-5,2909
1996-12-4,2866
1996-12-3,2886
1996-12-2,2858
1996-11-29,2845
1996-11-28,2817
1996-11-27,2797
1996-11-26,2810
1996-11-25,2799
1996-11-22,2763
1996-11-21,2772
1996-11-20,2774
1996-11-19,2764
1996-11-18,2763
1996-11-15,2795
1996-11-14,2777
1996-11-13,2773
1996-11-12,2734
1996-11-11,2728
1996-11-8,2739
1996-11-7,2713
1996-11-6,2729
1996-11-5,2691
1996-11-4,2671
1996-11-1,2683
1996-10-31,2659
1996-10-30,2678
1996-10-29,2673
1996-10-28,2703
1996-10-25,2674
1996-10-24,2678
1996-10-23,2699
1996-10-22,2718
1996-10-21,2729
1996-10-18,2734
1996-10-17,2716
1996-10-16,2714
1996-10-15,2728
1996-10-14,2693
1996-10-11,2686
1996-10-10,2680
1996-10-9,2702
1996-10-8,2691
1996-10-7,2702
1996-10-4,2683
1996-10-2,2676
1996-10-1,2655
1996-9-30,2651
1996-9-27,2659
1996-9-26,2666
1996-9-25,2658
1996-9-24,2638
1996-9-23,2627
1996-9-20,2646
1996-9-19,2624
1996-9-18,2625
1996-9-17,2628
1996-9-16,2629
1996-9-13,2595
1996-9-12,2570
1996-9-11,2566
1996-9-10,2570
1996-9-9,2548
1996-9-6,2517
1996-9-5,2529
1996-9-4,2532
1996-9-3,2510
1996-9-2,2532
1996-8-30,2543
1996-8-29,2560
1996-8-28,2563
1996-8-27,2558
1996-8-26,2552
1996-8-23,2555
1996-8-22,2557
1996-8-21,2543
1996-8-20,2560
1996-8-19,2562
1996-8-16,2548
1996-8-15,2546
1996-8-14,2538
1996-8-13,2539
1996-8-12,2528
1996-8-9,2525
1996-8-8,2538
1996-8-7,2531
1996-8-6,2522
1996-8-5,2520
1996-8-2,2508
1996-8-1,2494
1996-7-31,2473
1996-7-30,2457
1996-7-29,2477
1996-7-26,2470
1996-7-25,2465
1996-7-24,2447
1996-7-23,2475
1996-7-22,2482
1996-7-19,2520
1996-7-18,2506
1996-7-17,2497
1996-7-16,2469
1996-7-15,2550
1996-7-12,2544
1996-7-11,2575
1996-7-10,2567
1996-7-9,2562
1996-7-8,2551
1996-7-5,2583
1996-7-4,2577
1996-7-3,2568
1996-7-2,2572
1996-7-1,2564
1996-6-28,2561
1996-6-27,2551
1996-6-26,2573
1996-6-25,2572
1996-6-24,2566
1996-6-21,2540
1996-6-20,2539
1996-6-19,2554
1996-6-18,2549
1996-6-17,2546
1996-6-14,2548
1996-6-13,2567
1996-6-12,2568
1996-6-11,2546
1996-6-10,2558
1996-6-7,2557
1996-6-5,2552
1996-6-4,2546
1996-6-3,2532
1996-5-31,2542
1996-5-30,2527
1996-5-29,2551
1996-5-28,2558
1996-5-24,2542
1996-5-23,2560
1996-5-22,2556
1996-5-21,2570
1996-5-20,2550
1996-5-17,2537
1996-5-15,2528
1996-5-14,2519
1996-5-13,2496
1996-5-10,2468
1996-5-9,2469
1996-5-8,2472
1996-5-7,2479
1996-5-6,2468
1996-5-3,2457
1996-5-2,2502
1996-4-30,2505
1996-4-29,2506
1996-4-26,2537
1996-4-25,2532
1996-4-24,2538
1996-4-23,2550
1996-4-22,2545
1996-4-19,2536
1996-4-18,2535
1996-4-17,2524
1996-4-16,2538
1996-4-15,2545
1996-4-12,2511
1996-4-11,2509
1996-4-10,2530
1996-4-9,2503
1996-4-4,2495
1996-4-3,2494
1996-4-2,2501
1996-4-1,2489
1996-3-29,2485
1996-3-28,2508
1996-3-27,2525
1996-3-26,2499
1996-3-25,2510
1996-3-22,2504
1996-3-21,2504
1996-3-20,2485
1996-3-19,2493
1996-3-18,2463
1996-3-15,2458
1996-3-14,2426
1996-3-13,2426
1996-3-12,2435
1996-3-11,2407
1996-3-8,2469
1996-3-7,2480
1996-3-6,2466
1996-3-5,2479
1996-3-4,2487
1996-3-1,2501
1996-2-29,2473
1996-2-28,2472
1996-2-27,2444
1996-2-26,2442
1996-2-23,2451
1996-2-22,2412
1996-2-21,2391
1996-2-20,2382
1996-2-19,2398
1996-2-16,2429
1996-2-15,2423
1996-2-14,2427
1996-2-13,2433
1996-2-12,2428
1996-2-9,2411
1996-2-8,2430
1996-2-7,2446
1996-2-6,2428
1996-2-5,2419
1996-2-2,2452
1996-2-1,2459
1996-1-31,2470
1996-1-30,2435
1996-1-29,2446
1996-1-26,2432
1996-1-25,2443
1996-1-24,2423
1996-1-23,2384
1996-1-22,2390
1996-1-19,2398
1996-1-18,2380
1996-1-17,2371
1996-1-16,2376
1996-1-15,2359
1996-1-12,2356
1996-1-11,2329
1996-1-10,2338
1996-1-9,2349
1996-1-8,2323
1996-1-5,2331
1996-1-4,2324
1996-1-3,2329
1996-1-2,2284
1995-12-29,2260
1995-12-28,2273
1995-12-27,2280
1995-12-22,2280
1995-12-21,2268
1995-12-20,2268
1995-12-19,2241
1995-12-18,2240
1995-12-15,2283
1995-12-14,2286
1995-12-13,2283
1995-12-12,2278
1995-12-11,2280
1995-12-8,2277
1995-12-7,2260
1995-12-6,2274
1995-12-5,2269
1995-12-4,2261
1995-12-1,2266
1995-11-30,2254
1995-11-29,2249
1995-11-28,2242
1995-11-27,2247
1995-11-24,2210
1995-11-23,2197
1995-11-22,2194
1995-11-21,2201
1995-11-20,2204
1995-11-17,2196
1995-11-16,2202
1995-11-15,2196
1995-11-14,2197
1995-11-13,2195
1995-11-10,2174
1995-11-9,2182
1995-11-8,2184
1995-11-7,2174
1995-11-6,2168
1995-11-3,2169
1995-11-2,2180
1995-11-1,2182
1995-10-31,2165
1995-10-30,2149
1995-10-27,2112
1995-10-26,2142
1995-10-25,2140
1995-10-24,2114
1995-10-23,2116
1995-10-20,2148
1995-10-19,2176
1995-10-18,2197
1995-10-17,2185
1995-10-16,2193
1995-10-13,2206
1995-10-12,2159
1995-10-11,2153
1995-10-10,2137
1995-10-9,2157
1995-10-6,2176
1995-10-5,2191
1995-10-4,2211
1995-10-2,2197
1995-9-29,2201
1995-9-28,2184
1995-9-27,2190
1995-9-26,2232
1995-9-25,2212
1995-9-22,2204
1995-9-21,2275
1995-9-20,2294
1995-9-19,2306
1995-9-18,2289
1995-9-15,2305
1995-9-14,2300
1995-9-13,2300
1995-9-12,2266
1995-9-11,2268
1995-9-8,2266
1995-9-7,2269
1995-9-6,2266
1995-9-5,2266
1995-9-4,2263
1995-9-1,2242
1995-8-31,2234
1995-8-30,2251
1995-8-29,2230
1995-8-28,2240
1995-8-25,2257
1995-8-24,2253
1995-8-23,2262
1995-8-22,2258
1995-8-21,2269
1995-8-18,2265
1995-8-17,2253
1995-8-16,2251
1995-8-15,2236
1995-8-14,2211
1995-8-11,2228
1995-8-10,2236
1995-8-9,2222
1995-8-8,2236
1995-8-7,2244
1995-8-4,2236
1995-8-3,2234
1995-8-2,2249
1995-8-1,2211
1995-7-31,2222
1995-7-28,2217
1995-7-27,2239
1995-7-26,2237
1995-7-25,2232
1995-7-24,2232
1995-7-21,2196
1995-7-20,2183
1995-7-19,2195
1995-7-18,2183
1995-7-17,2201
1995-7-14,2191
1995-7-13,2193
1995-7-12,2200
1995-7-11,2194
1995-7-10,2184
1995-7-7,2163
1995-7-6,2111
1995-7-5,2117
1995-7-4,2110
1995-7-3,2099
1995-6-30,2089
1995-6-29,2094
1995-6-28,2091
1995-6-27,2128
1995-6-26,2137
1995-6-23,2138
1995-6-22,2162
1995-6-21,2144
1995-6-20,2140
1995-6-19,2154
1995-6-16,2125
1995-6-14,2124
1995-6-13,2124
1995-6-12,2127
1995-6-9,2107
1995-6-8,2137
1995-6-7,2136
1995-6-6,2154
1995-6-2,2132
1995-6-1,2119
1995-5-31,2099
1995-5-30,2081
1995-5-29,2069
1995-5-26,2065
1995-5-24,2105
1995-5-23,2083
1995-5-22,2096
1995-5-19,2064
1995-5-18,2083
1995-5-17,2088
1995-5-16,2109
1995-5-15,2092
1995-5-12,2102
1995-5-11,2086
1995-5-10,2064
1995-5-9,2050
1995-5-8,2030
1995-5-5,2021
1995-5-4,2034
1995-5-3,2037
1995-5-2,2036
1995-4-28,2017
1995-4-27,2024
1995-4-26,2028
1995-4-25,2007
1995-4-24,1978
1995-4-21,1987
1995-4-20,1955
1995-4-19,1943
1995-4-18,1954
1995-4-13,1982
1995-4-12,1991
1995-4-11,1979
1995-4-10,1980
1995-4-7,1978
1995-4-6,1976
1995-4-5,1972
1995-4-4,1965
1995-4-3,1934
1995-3-31,1914
1995-3-30,1949
1995-3-29,1918
1995-3-28,1911
1995-3-27,1928
1995-3-24,1935
1995-3-23,1935
1995-3-22,1978
1995-3-21,1984
1995-3-20,1984
1995-3-17,1979
1995-3-16,2016
1995-3-15,1995
1995-3-14,2022
1995-3-13,1974
1995-3-10,2008
1995-3-9,1989
1995-3-8,2029
1995-3-7,2041
1995-3-6,2069
1995-3-3,2094
1995-3-2,2116
1995-3-1,2127
1995-2-28,2097
1995-2-27,2106
1995-2-24,2117
1995-2-23,2126
1995-2-22,2096
1995-2-21,2101
1995-2-20,2101
1995-2-17,2119
1995-2-16,2112
1995-2-15,2135
1995-2-14,2128
1995-2-13,2118
1995-2-10,2127
1995-2-9,2117
1995-2-8,2087
1995-2-7,2093
1995-2-6,2085
1995-2-3,2077
1995-2-2,2038
1995-2-1,2047
1995-1-31,2024
1995-1-30,2026
1995-1-27,2030
1995-1-26,2040
1995-1-25,2026
1995-1-24,2027
1995-1-23,2013
1995-1-20,2050
1995-1-19,2079
1995-1-18,2085
1995-1-17,2081
1995-1-16,2088
1995-1-13,2064
1995-1-12,2059
1995-1-11,2061
1995-1-10,2062
1995-1-9,2053
1995-1-6,2058
1995-1-5,2051
1995-1-4,2072
1995-1-3,2068
1995-1-2,2079
1994-12-30,2106
1994-12-29,2077
1994-12-28,2109
1994-12-27,2106
1994-12-23,2094
1994-12-22,2100
1994-12-21,2086
1994-12-20,2079
1994-12-19,2075
1994-12-16,2070
1994-12-15,2052
1994-12-14,2024
1994-12-13,2011
1994-12-12,2024
1994-12-9,2028
1994-12-8,2042
1994-12-7,2055
1994-12-6,2046
1994-12-5,2071
1994-12-2,2038
1994-12-1,2046
1994-11-30,2048
1994-11-29,2044
1994-11-28,2058
1994-11-25,2051
1994-11-24,2055
1994-11-23,2033
1994-11-22,2074
1994-11-21,2105
1994-11-18,2100
1994-11-17,2102
1994-11-15,2110
1994-11-14,2089
1994-11-11,2078
1994-11-10,2082
1994-11-9,2096
1994-11-8,2053
1994-11-7,2043
1994-11-4,2067
1994-11-3,2051
1994-11-2,2042
1994-11-1,2069
1994-10-31,2071
1994-10-28,2040
1994-10-27,2013
1994-10-26,2020
1994-10-25,1974
1994-10-24,2025
1994-10-21,2022
1994-10-20,2069
1994-10-19,2051
1994-10-18,2084
1994-10-17,2090
1994-10-14,2105
1994-10-13,2082
1994-10-12,2077
1994-10-11,2071
1994-10-10,2024
1994-10-7,1960
1994-10-6,1961
1994-10-5,1968
1994-10-4,1994
1994-9-30,2011
1994-9-29,2043
1994-9-28,2068
1994-9-27,2058
1994-9-26,2068
1994-9-23,2089
1994-9-22,2073
1994-9-21,2079
1994-9-20,2078
1994-9-19,2096
1994-9-16,2118
1994-9-15,2113
1994-9-14,2124
1994-9-13,2136
1994-9-12,2154
1994-9-9,2185
1994-9-8,2172
1994-9-7,2163
1994-9-6,2165
1994-9-5,2174
1994-9-2,2204
1994-9-1,2200
1994-8-31,2212
1994-8-30,2210
1994-8-29,2193
1994-8-26,2161
1994-8-25,2152
1994-8-24,2126
1994-8-23,2107
1994-8-22,2123
1994-8-19,2149
1994-8-18,2153
1994-8-17,2162
1994-8-16,2143
1994-8-15,2138
1994-8-12,2124
1994-8-11,2155
1994-8-10,2160
1994-8-9,2164
1994-8-8,2184
1994-8-5,2184
1994-8-4,2183
1994-8-3,2198
1994-8-2,2186
1994-8-1,2153
1994-7-29,2146
1994-7-28,2122
1994-7-27,2140
1994-7-26,2151
1994-7-25,2136
1994-7-22,2150
1994-7-21,2113
1994-7-20,2138
1994-7-19,2128
1994-7-18,2098
1994-7-15,2093
1994-7-14,2055
1994-7-13,2054
1994-7-12,2048
1994-7-11,2065
1994-7-8,2050
1994-7-7,2043
1994-7-6,2035
1994-7-5,2032
1994-7-4,2054
1994-7-1,2036
1994-6-30,2025
1994-6-29,2046
1994-6-28,2018
1994-6-27,1988
1994-6-24,2005
1994-6-23,2022
1994-6-22,1994
1994-6-21,1983
1994-6-20,1968
1994-6-17,2050
1994-6-16,2054
1994-6-15,2074
1994-6-14,2074
1994-6-13,2105
1994-6-10,2133
1994-6-9,2129
1994-6-8,2145
1994-6-7,2135
1994-6-6,2163
1994-6-3,2148
1994-6-1,2129
1994-5-31,2127
1994-5-30,2118
1994-5-27,2140
1994-5-26,2130
1994-5-25,2158
1994-5-24,2198
1994-5-20,2249
1994-5-19,2247
1994-5-18,2267
1994-5-17,2259
1994-5-16,2271
1994-5-13,2258
1994-5-11,2243
1994-5-10,2235
1994-5-9,2218
1994-5-6,2237
1994-5-5,2235
1994-5-4,2249
1994-5-3,2252
1994-5-2,2268
1994-4-29,2245
1994-4-28,2251
1994-4-27,2253
1994-4-26,2243
1994-4-25,2202
1994-4-22,2213
1994-4-21,2196
1994-4-20,2182
1994-4-19,2172
1994-4-18,2228
1994-4-15,2200
1994-4-14,2198
1994-4-13,2209
1994-4-12,2210
1994-4-11,2225
1994-4-8,2203
1994-4-7,2201
1994-4-6,2191
1994-4-5,2158
1994-3-31,2133
1994-3-30,2147
1994-3-29,2168
1994-3-28,2161
1994-3-25,2130
1994-3-24,2161
1994-3-23,2161
1994-3-22,2141
1994-3-21,2131
1994-3-18,2155
1994-3-17,2175
1994-3-16,2172
1994-3-15,2165
1994-3-14,2145
1994-3-11,2103
1994-3-10,2141
1994-3-9,2116
1994-3-8,2124
1994-3-7,2108
1994-3-4,2060
1994-3-3,2037
1994-3-2,2020
1994-3-1,2067
1994-2-28,2091
1994-2-25,2074
1994-2-24,2090
1994-2-23,2127
1994-2-22,2107
1994-2-21,2119
1994-2-18,2151
1994-2-17,2128
1994-2-16,2136
1994-2-15,2115
1994-2-14,2116
1994-2-11,2090
1994-2-10,2118
1994-2-9,2085
1994-2-8,2107
1994-2-7,2079
1994-2-4,2138
1994-2-3,2151
1994-2-2,2184
1994-2-1,2179
1994-1-31,2177
1994-1-28,2133
1994-1-27,2125
1994-1-26,2119
1994-1-25,2126
1994-1-24,2080
1994-1-21,2075
1994-1-20,2116
1994-1-19,2134
1994-1-18,2113
1994-1-17,2137
1994-1-14,2141
1994-1-13,2164
1994-1-12,2209
1994-1-11,2228
1994-1-10,2233
1994-1-7,2211
1994-1-6,2220
1994-1-5,2233
1994-1-4,2253
1994-1-3,2267
1993-12-30,2266
1993-12-29,2214
1993-12-28,2242
1993-12-27,2253
1993-12-23,2222
1993-12-22,2197
1993-12-21,2182
1993-12-20,2178
1993-12-17,2151
1993-12-16,2137
1993-12-15,2110
1993-12-14,2149
1993-12-13,2172
1993-12-10,2161
1993-12-9,2175
1993-12-8,2148
1993-12-7,2115
1993-12-6,2118
1993-12-3,2120
1993-12-2,2110
1993-12-1,2089
1993-11-30,2057
1993-11-29,2043
1993-11-26,2047
1993-11-25,2047
1993-11-24,2029
1993-11-23,2027
1993-11-22,2030
1993-11-19,2077
1993-11-18,2085
1993-11-16,2071
1993-11-15,2049
1993-11-12,2015
1993-11-11,2023
1993-11-10,2023
1993-11-9,2022
1993-11-8,2010
1993-11-5,2012
1993-11-4,2062
1993-11-3,2084
1993-11-2,2095
1993-11-1,2062
1993-10-29,2069
1993-10-28,2038
1993-10-27,2043
1993-10-26,2058
1993-10-25,2074
1993-10-22,2066
1993-10-21,2034
1993-10-20,2042
1993-10-19,2026
1993-10-18,2033
1993-10-15,2015
1993-10-14,1990
1993-10-13,2001
1993-10-12,1998
1993-10-11,2011
1993-10-8,2005
1993-10-7,1997
1993-10-6,1987
1993-10-5,1972
1993-10-4,1923
1993-10-1,1912
1993-9-30,1915
1993-9-29,1907
1993-9-28,1913
1993-9-27,1912
1993-9-24,1885
1993-9-23,1916
1993-9-22,1893
1993-9-21,1925
1993-9-20,1912
1993-9-17,1881
1993-9-16,1855
1993-9-15,1860
1993-9-14,1880
1993-9-13,1872
1993-9-10,1861
1993-9-9,1880
1993-9-8,1885
1993-9-7,1885
1993-9-6,1910
1993-9-3,1925
1993-9-2,1925
1993-9-1,1918
1993-8-31,1944
1993-8-30,1921
1993-8-27,1904
1993-8-26,1901
1993-8-25,1917
1993-8-24,1897
1993-8-23,1888
1993-8-20,1922
1993-8-19,1938
1993-8-18,1935
1993-8-17,1910
1993-8-16,1912
1993-8-13,1906
1993-8-12,1904
1993-8-11,1865
1993-8-10,1865
1993-8-9,1872
1993-8-6,1869
1993-8-5,1860
1993-8-4,1860
1993-8-3,1843
1993-8-2,1815
1993-7-30,1803
1993-7-29,1833
1993-7-28,1833
1993-7-27,1845
1993-7-26,1854
1993-7-23,1830
1993-7-22,1823
1993-7-21,1823
1993-7-20,1838
1993-7-19,1836
1993-7-16,1813
1993-7-15,1807
1993-7-14,1811
1993-7-13,1807
1993-7-12,1818
1993-7-9,1797
1993-7-8,1783
1993-7-7,1719
1993-7-6,1700
1993-7-5,1692
1993-7-2,1697
1993-7-1,1706
1993-6-30,1697
1993-6-29,1708
1993-6-28,1707
1993-6-25,1695
1993-6-24,1686
1993-6-23,1699
1993-6-22,1698
1993-6-21,1689
1993-6-18,1686
1993-6-17,1692
1993-6-16,1689
1993-6-15,1684
1993-6-14,1691
1993-6-11,1680
1993-6-9,1673
1993-6-8,1661
1993-6-7,1655
1993-6-4,1637
1993-6-3,1629
1993-6-2,1625
1993-6-1,1619
1993-5-28,1631
1993-5-27,1634
1993-5-26,1622
1993-5-25,1618
1993-5-24,1603
1993-5-21,1610
1993-5-19,1617
1993-5-18,1628
1993-5-17,1627
1993-5-14,1634
1993-5-13,1639
1993-5-12,1629
1993-5-11,1616
1993-5-10,1609
1993-5-7,1611
1993-5-6,1623
1993-5-5,1623
1993-5-4,1627
1993-5-3,1629
1993-4-30,1627
1993-4-29,1623
1993-4-28,1628
1993-4-27,1640
1993-4-26,1649
1993-4-23,1657
1993-4-22,1666
1993-4-21,1666
1993-4-20,1687
1993-4-19,1693
1993-4-16,1678
1993-4-15,1675
1993-4-14,1672
1993-4-13,1671
1993-4-8,1655
1993-4-7,1650
1993-4-6,1665
1993-4-5,1658
1993-4-2,1661
1993-4-1,1671
1993-3-31,1684
1993-3-30,1685
1993-3-29,1674
1993-3-26,1661
1993-3-25,1657
1993-3-24,1659
1993-3-23,1648
1993-3-22,1661
1993-3-19,1698
1993-3-18,1696
1993-3-17,1685
1993-3-16,1697
1993-3-15,1702
1993-3-12,1707
1993-3-11,1717
1993-3-10,1709
1993-3-9,1713
1993-3-8,1694
1993-3-5,1682
1993-3-4,1687
1993-3-3,1693
1993-3-2,1696
1993-3-1,1700
1993-2-26,1684
1993-2-25,1658
1993-2-24,1644
1993-2-23,1661
1993-2-22,1680
1993-2-19,1677
1993-2-18,1672
1993-2-17,1653
1993-2-16,1664
1993-2-15,1664
1993-2-12,1661
1993-2-11,1651
1993-2-10,1649
1993-2-9,1641
1993-2-8,1647
1993-2-5,1641
1993-2-4,1601
1993-2-3,1601
1993-2-2,1583
1993-2-1,1585
1993-1-29,1571
1993-1-28,1567
1993-1-27,1562
1993-1-26,1576
1993-1-25,1569
1993-1-22,1587
1993-1-21,1573
1993-1-20,1574
1993-1-19,1578
1993-1-18,1573
1993-1-15,1544
1993-1-14,1523
1993-1-13,1516
1993-1-12,1530
1993-1-11,1531
1993-1-8,1531
1993-1-7,1542
1993-1-6,1556
1993-1-5,1556
1993-1-4,1531
1992-12-30,1545
1992-12-29,1542
1992-12-28,1544
1992-12-24,1544
1992-12-23,1526
1992-12-22,1523
1992-12-21,1515
1992-12-18,1492
1992-12-17,1476
1992-12-16,1472
1992-12-15,1481
1992-12-14,1469
1992-12-11,1476
1992-12-10,1494
1992-12-9,1500
1992-12-8,1508
1992-12-7,1525
1992-12-4,1522
1992-12-3,1532
1992-12-2,1533
1992-12-1,1544
1992-11-30,1544
1992-11-27,1522
1992-11-26,1523
1992-11-25,1517
1992-11-24,1510
1992-11-23,1530
1992-11-20,1544
1992-11-19,1551
1992-11-18,1545
1992-11-17,1545
1992-11-16,1546
1992-11-13,1548
1992-11-12,1535
1992-11-11,1512
1992-11-10,1519
1992-11-9,1508
1992-11-6,1487
1992-11-5,1480
1992-11-4,1472
1992-11-3,1485
1992-11-2,1472
1992-10-30,1492
1992-10-29,1493
1992-10-28,1510
1992-10-27,1533
1992-10-26,1542
1992-10-23,1526
1992-10-22,1510
1992-10-21,1503
1992-10-20,1511
1992-10-19,1479
1992-10-16,1461
1992-10-15,1453
1992-10-14,1458
1992-10-13,1465
1992-10-12,1432
1992-10-9,1439
1992-10-8,1451
1992-10-7,1436
1992-10-6,1420
1992-10-5,1424
1992-10-2,1478
1992-10-1,1484
1992-9-30,1466
1992-9-29,1476
1992-9-28,1475
1992-9-25,1513
1992-9-24,1530
1992-9-23,1557
1992-9-22,1550
1992-9-21,1573
1992-9-18,1589
1992-9-17,1578
1992-9-16,1584
1992-9-15,1587
1992-9-14,1595
1992-9-11,1527
1992-9-10,1528
1992-9-9,1525
1992-9-8,1544
1992-9-7,1540
1992-9-4,1536
1992-9-3,1530
1992-9-2,1506
1992-9-1,1518
1992-8-31,1541
1992-8-28,1516
1992-8-27,1513
1992-8-26,1473
1992-8-25,1468
1992-8-24,1498
1992-8-21,1520
1992-8-20,1513
1992-8-19,1524
1992-8-18,1533
1992-8-17,1555
1992-8-14,1547
1992-8-13,1540
1992-8-12,1553
1992-8-11,1564
1992-8-10,1582
1992-8-7,1609
1992-8-6,1621
1992-8-5,1628
1992-8-4,1611
1992-8-3,1594
1992-7-31,1615
1992-7-30,1623
1992-7-29,1628
1992-7-28,1610
1992-7-27,1618
1992-7-24,1610
1992-7-23,1623
1992-7-22,1628
1992-7-21,1659
1992-7-20,1649
1992-7-17,1702
1992-7-16,1740
1992-7-15,1734
1992-7-14,1734
1992-7-13,1736
1992-7-10,1754
1992-7-9,1757
1992-7-8,1751
1992-7-7,1767
1992-7-6,1772
1992-7-3,1776
1992-7-2,1768
1992-7-1,1756
1992-6-30,1752
1992-6-29,1757
1992-6-26,1754
1992-6-25,1764
1992-6-24,1768
1992-6-23,1771
1992-6-22,1770
1992-6-19,1772
1992-6-17,1771
1992-6-16,1779
1992-6-15,1773
1992-6-12,1782
1992-6-11,1781
1992-6-10,1789
1992-6-9,1786
1992-6-5,1789
1992-6-4,1792
1992-6-3,1788
1992-6-2,1801
1992-6-1,1798
1992-5-29,1803
1992-5-27,1794
1992-5-26,1806
1992-5-25,1811
1992-5-22,1802
1992-5-21,1785
1992-5-20,1787
1992-5-19,1763
1992-5-18,1758
1992-5-15,1724
1992-5-14,1742
1992-5-13,1749
1992-5-12,1751
1992-5-11,1753
1992-5-8,1748
1992-5-7,1750
1992-5-6,1743
1992-5-5,1732
1992-5-4,1728
1992-4-30,1734
1992-4-29,1735
1992-4-28,1735
1992-4-27,1742
1992-4-24,1745
1992-4-23,1752
1992-4-22,1753
1992-4-21,1746
1992-4-16,1749
1992-4-15,1743
1992-4-14,1732
1992-4-13,1727
1992-4-10,1736
1992-4-9,1720
1992-4-8,1720
1992-4-7,1739
1992-4-6,1734
1992-4-3,1719
1992-4-2,1721
1992-4-1,1707
1992-3-31,1717
1992-3-30,1710
1992-3-27,1711
1992-3-26,1719
1992-3-25,1716
1992-3-24,1713
1992-3-23,1717
1992-3-20,1736
1992-3-19,1724
1992-3-18,1732
1992-3-17,1730
1992-3-16,1724
1992-3-13,1732
1992-3-12,1727
1992-3-11,1743
1992-3-10,1748
1992-3-9,1750
1992-3-6,1745
1992-3-5,1764
1992-3-4,1759
1992-3-3,1763
1992-3-2,1747
1992-2-28,1745
1992-2-27,1749
1992-2-26,1737
1992-2-25,1722
1992-2-24,1729
1992-2-21,1717
1992-2-20,1703
1992-2-19,1687
1992-2-18,1694
1992-2-17,1681
1992-2-14,1676
1992-2-13,1681
1992-2-12,1678
1992-2-11,1683
1992-2-10,1682
1992-2-7,1685
1992-2-6,1681
1992-2-5,1686
1992-2-4,1676
1992-2-3,1689
1992-1-31,1687
1992-1-30,1680
1992-1-29,1672
1992-1-28,1683
1992-1-27,1683
1992-1-24,1664
1992-1-23,1669
1992-1-22,1682
1992-1-21,1685
1992-1-20,1677
1992-1-17,1670
1992-1-16,1666
1992-1-15,1667
1992-1-14,1628
1992-1-13,1622
1992-1-10,1615
1992-1-9,1589
1992-1-8,1578
1992-1-7,1592
1992-1-6,1603
1992-1-3,1603
1992-1-2,1601
1991-12-30,1577
1991-12-27,1563
1991-12-23,1539
1991-12-20,1543
1991-12-19,1561
1991-12-18,1573
1991-12-17,1560
1991-12-16,1552
1991-12-13,1558
1991-12-12,1546
1991-12-11,1543
1991-12-10,1551
1991-12-9,1559
1991-12-6,1558
1991-12-5,1553
1991-12-4,1560
1991-12-3,1546
1991-12-2,1545
1991-11-29,1566
1991-11-28,1588
1991-11-27,1586
1991-11-26,1602
1991-11-25,1589
1991-11-22,1600
1991-11-21,1598
1991-11-19,1599
1991-11-18,1611
1991-11-15,1629
1991-11-14,1620
1991-11-13,1623
1991-11-12,1621
1991-11-11,1609
1991-11-8,1606
1991-11-7,1578
1991-11-6,1574
1991-11-5,1576
1991-11-4,1570
1991-11-1,1573
1991-10-31,1582
1991-10-30,1582
1991-10-29,1590
1991-10-28,1576
1991-10-25,1572
1991-10-24,1579
1991-10-23,1587
1991-10-22,1580
1991-10-21,1572
1991-10-18,1563
1991-10-17,1564
1991-10-16,1570
1991-10-15,1585
1991-10-14,1571
1991-10-11,1568
1991-10-10,1567
1991-10-9,1567
1991-10-8,1578
1991-10-7,1588
1991-10-4,1601
1991-10-2,1607
1991-10-1,1609
1991-9-30,1607
1991-9-27,1608
1991-9-26,1619
1991-9-25,1625
1991-9-24,1626
1991-9-23,1614
1991-9-20,1616
1991-9-19,1620
1991-9-18,1628
1991-9-17,1634
1991-9-16,1629
1991-9-13,1637
1991-9-12,1631
1991-9-11,1628
1991-9-10,1629
1991-9-9,1633
1991-9-6,1646
1991-9-5,1647
1991-9-4,1647
1991-9-3,1655
1991-9-2,1650
1991-8-30,1650
1991-8-29,1655
1991-8-28,1647
1991-8-27,1647
1991-8-26,1654
1991-8-23,1627
1991-8-22,1630
1991-8-21,1570
1991-8-20,1541
1991-8-19,1541
1991-8-16,1653
1991-8-15,1654
1991-8-14,1650
1991-8-13,1644
1991-8-12,1626
1991-8-9,1632
1991-8-8,1630
1991-8-7,1630
1991-8-6,1611
1991-8-5,1622
1991-8-2,1615
1991-8-1,1622
1991-7-31,1622
1991-7-30,1614
1991-7-29,1605
1991-7-26,1605
1991-7-25,1615
1991-7-24,1621
1991-7-23,1632
1991-7-22,1623
1991-7-19,1623
1991-7-18,1618
1991-7-17,1625
1991-7-16,1643
1991-7-15,1646
1991-7-12,1644
1991-7-11,1637
1991-7-10,1634
1991-7-9,1627
1991-7-8,1605
1991-7-5,1618
1991-7-4,1616
1991-7-3,1614
1991-7-2,1610
1991-7-1,1625
1991-6-28,1622
1991-6-27,1666
1991-6-26,1672
1991-6-25,1691
1991-6-24,1691
1991-6-21,1711
1991-6-20,1687
1991-6-19,1683
1991-6-18,1695
1991-6-17,1701
1991-6-14,1699
1991-6-13,1692
1991-6-12,1700
1991-6-11,1715
1991-6-10,1704
1991-6-7,1709
1991-6-6,1704
1991-6-5,1712
1991-6-4,1685
1991-6-3,1694
1991-5-31,1704
1991-5-29,1681
1991-5-28,1682
1991-5-27,1681
1991-5-24,1671
1991-5-23,1652
1991-5-22,1647
1991-5-21,1617
1991-5-17,1598
1991-5-16,1598
1991-5-15,1590
1991-5-14,1598
1991-5-13,1610
1991-5-10,1620
1991-5-8,1607
1991-5-7,1627
1991-5-6,1623
1991-5-3,1631
1991-5-2,1630
1991-4-30,1605
1991-4-29,1620
1991-4-26,1623
1991-4-25,1620
1991-4-24,1603
1991-4-23,1597
1991-4-22,1571
1991-4-19,1599
1991-4-18,1613
1991-4-17,1623
1991-4-16,1603
1991-4-15,1601
1991-4-12,1583
1991-4-11,1565
1991-4-10,1561
1991-4-9,1582
1991-4-8,1579
1991-4-5,1586
1991-4-4,1571
1991-4-3,1577
1991-4-2,1538
1991-3-28,1522
1991-3-27,1508
1991-3-26,1498
1991-3-25,1515
1991-3-22,1520
1991-3-21,1519
1991-3-20,1517
1991-3-19,1546
1991-3-18,1552
1991-3-15,1570
1991-3-14,1576
1991-3-13,1542
1991-3-12,1571
1991-3-11,1565
1991-3-8,1602
1991-3-7,1580
1991-3-6,1594
1991-3-5,1540
1991-3-4,1530
1991-3-1,1516
1991-2-28,1542
1991-2-27,1565
1991-2-26,1558
1991-2-25,1601
1991-2-22,1582
1991-2-21,1565
1991-2-20,1567
1991-2-19,1587
1991-2-18,1572
1991-2-15,1531
1991-2-14,1486
1991-2-13,1489
1991-2-12,1468
1991-2-11,1488
1991-2-8,1467
1991-2-7,1436
1991-2-6,1428
1991-2-5,1438
1991-2-4,1435
1991-2-1,1426
1991-1-31,1420
1991-1-30,1400
1991-1-29,1380
1991-1-28,1382
1991-1-25,1382
1991-1-24,1375
1991-1-23,1358
1991-1-22,1375
1991-1-21,1390
1991-1-18,1405
1991-1-17,1414
1991-1-16,1322
1991-1-15,1325
1991-1-14,1331
1991-1-11,1382
1991-1-10,1383
1991-1-9,1375
1991-1-8,1353
1991-1-7,1358
1991-1-4,1396
1991-1-3,1366
1991-1-2,1366
1990-12-31,1398
1990-12-28,1398
1990-12-27,1410
1990-12-21,1414
1990-12-20,1409
1990-12-19,1457
1990-12-18,1477
1990-12-17,1475
1990-12-14,1522
1990-12-13,1517
1990-12-12,1517
1990-12-11,1492
1990-12-10,1504
1990-12-7,1512
1990-12-6,1504
1990-12-5,1470
1990-12-4,1446
1990-12-3,1462
1990-11-30,1441
1990-11-29,1418
1990-11-28,1420
1990-11-27,1415
1990-11-26,1443
1990-11-23,1483
1990-11-22,1496
1990-11-20,1467
1990-11-19,1467
1990-11-16,1425
1990-11-15,1421
1990-11-14,1406
1990-11-13,1402
1990-11-12,1402
1990-11-9,1381
1990-11-8,1369
1990-11-7,1371
1990-11-6,1398
1990-11-5,1415
1990-11-2,1414
1990-11-1,1417
1990-10-31,1433
1990-10-30,1433
1990-10-29,1454
1990-10-26,1457
1990-10-25,1497
1990-10-24,1493
1990-10-23,1514
1990-10-22,1474
1990-10-19,1482
1990-10-18,1470
1990-10-17,1440
1990-10-16,1460
1990-10-15,1478
1990-10-12,1459
1990-10-11,1428
1990-10-10,1407
1990-10-9,1441
1990-10-8,1456
1990-10-5,1392
1990-10-4,1422
1990-10-2,1444
1990-10-1,1420
1990-9-28,1334
1990-9-27,1354
1990-9-26,1381
1990-9-25,1353
1990-9-24,1416
1990-9-21,1446
1990-9-20,1457
1990-9-19,1487
1990-9-18,1507
1990-9-17,1541
1990-9-14,1554
1990-9-13,1582
1990-9-12,1598
1990-9-11,1577
1990-9-10,1600
1990-9-7,1562
1990-9-6,1557
1990-9-5,1564
1990-9-4,1590
1990-9-3,1629
1990-8-31,1629
1990-8-30,1638
1990-8-29,1637
1990-8-28,1617
1990-8-27,1654
1990-8-24,1559
1990-8-23,1520
1990-8-22,1575
1990-8-21,1549
1990-8-20,1635
1990-8-17,1665
1990-8-16,1727
1990-8-15,1742
1990-8-14,1715
1990-8-13,1706
1990-8-10,1749
1990-8-9,1755
1990-8-8,1723
1990-8-7,1770
1990-8-6,1740
1990-8-3,1840
1990-8-2,1869
1990-8-1,1892
1990-7-31,1919
1990-7-30,1911
1990-7-27,1919
1990-7-26,1932
1990-7-25,1920
1990-7-24,1921
1990-7-23,1938
1990-7-20,1947
1990-7-19,1959
1990-7-18,1966
1990-7-17,1929
1990-7-16,1931
1990-7-13,1931
1990-7-12,1916
1990-7-11,1917
1990-7-10,1909
1990-7-9,1923
1990-7-6,1932
1990-7-5,1914
1990-7-4,1925
1990-7-3,1906
1990-7-2,1915
1990-6-29,1879
1990-6-28,1895
1990-6-27,1901
1990-6-26,1890
1990-6-25,1896
1990-6-22,1872
1990-6-21,1863
1990-6-20,1849
1990-6-19,1836
1990-6-18,1797
1990-6-15,1792
1990-6-13,1787
1990-6-12,1800
1990-6-11,1809
1990-6-8,1822
1990-6-7,1837
1990-6-6,1849
1990-6-5,1876
1990-6-1,1856
1990-5-31,1844
1990-5-30,1840
1990-5-29,1842
1990-5-28,1828
1990-5-25,1823
1990-5-23,1831
1990-5-22,1813
1990-5-21,1811
1990-5-18,1843
1990-5-17,1841
1990-5-16,1841
1990-5-15,1851
1990-5-14,1860
1990-5-11,1875
1990-5-10,1893
1990-5-9,1896
1990-5-8,1899
1990-5-7,1934
1990-5-4,1912
1990-5-3,1881
1990-5-2,1843
1990-4-30,1813
1990-4-27,1825
1990-4-26,1827
1990-4-25,1843
1990-4-24,1830
1990-4-23,1837
1990-4-20,1884
1990-4-19,1878
1990-4-18,1889
1990-4-17,1914
1990-4-12,1918
1990-4-11,1893
1990-4-10,1898
1990-4-9,1923
1990-4-6,1947
1990-4-5,1958
1990-4-4,1963
1990-4-3,1968
1990-4-2,1931
1990-3-30,1968
1990-3-29,1953
1990-3-28,1928
1990-3-27,1924
1990-3-26,1939
1990-3-23,1932
1990-3-22,1918
1990-3-21,1937
1990-3-20,1908
1990-3-19,1906
1990-3-16,1889
1990-3-15,1879
1990-3-14,1862
1990-3-13,1867
1990-3-12,1846
1990-3-9,1858
1990-3-8,1860
1990-3-7,1844
1990-3-6,1822
1990-3-5,1833
1990-3-2,1818
1990-3-1,1787
1990-2-28,1809
1990-2-27,1804
1990-2-26,1776
1990-2-23,1789
1990-2-22,1820
1990-2-21,1807
1990-2-20,1823
1990-2-19,1869
1990-2-16,1893
1990-2-15,1850
1990-2-14,1832
1990-2-13,1840
1990-2-12,1860
1990-2-9,1885
1990-2-8,1915
1990-2-7,1900
1990-2-6,1937
1990-2-5,1939
1990-2-2,1910
1990-2-1,1858
1990-1-31,1822
1990-1-30,1812
1990-1-29,1811
1990-1-26,1794
1990-1-25,1787
1990-1-24,1756
1990-1-23,1801
1990-1-22,1779
1990-1-19,1773
1990-1-18,1779
1990-1-17,1802
1990-1-16,1788
1990-1-15,1841
1990-1-12,1855
1990-1-11,1855
1990-1-10,1839
1990-1-9,1865
1990-1-8,1843
1990-1-5,1820
1990-1-4,1835
1990-1-3,1869
1990-1-2,1814
1989-12-29,1790
1989-12-28,1790
1989-12-27,1771
1989-12-26,1676
1989-12-22,1696
1989-12-21,1676
1989-12-20,1675
1989-12-19,1647
1989-12-18,1634
1989-12-15,1627
1989-12-14,1625
1989-12-13,1638
1989-12-12,1653
1989-12-11,1653
1989-12-8,1650
1989-12-7,1664
1989-12-6,1658
1989-12-5,1626
1989-12-4,1634
1989-12-1,1612
1989-11-30,1577
1989-11-29,1562
1989-11-28,1550
1989-11-27,1554
1989-11-24,1555
1989-11-23,1534
1989-11-21,1514
1989-11-20,1532
1989-11-17,1531
1989-11-16,1529
1989-11-15,1498
1989-11-14,1503
1989-11-13,1530
1989-11-10,1496
1989-11-9,1462
1989-11-8,1441
1989-11-7,1428
1989-11-6,1454
1989-11-3,1449
1989-11-2,1460
1989-11-1,1476
1989-10-31,1472
1989-10-30,1466
1989-10-27,1462
1989-10-26,1482
1989-10-25,1481
1989-10-24,1507
1989-10-23,1523
1989-10-20,1524
1989-10-19,1526
1989-10-18,1491
1989-10-17,1475
1989-10-16,1385
1989-10-13,1589
1989-10-12,1612
1989-10-11,1604
1989-10-10,1636
1989-10-9,1639
1989-10-6,1624
1989-10-5,1616
1989-10-4,1613
1989-10-3,1602
1989-10-2,1577
1989-9-29,1574
1989-9-28,1585
1989-9-27,1590
1989-9-26,1609
1989-9-25,1635
1989-9-22,1628
1989-9-21,1611
1989-9-20,1612
1989-9-19,1614
1989-9-18,1605
1989-9-15,1595
1989-9-14,1612
1989-9-13,1609
1989-9-12,1625
1989-9-11,1641
1989-9-8,1657
1989-9-7,1641
1989-9-6,1633
1989-9-5,1637
1989-9-4,1623
1989-9-1,1608
1989-8-31,1597
1989-8-30,1585
1989-8-29,1597
1989-8-28,1595
1989-8-25,1604
1989-8-24,1592
1989-8-23,1586
1989-8-22,1600
1989-8-21,1603
1989-8-18,1575
1989-8-17,1576
1989-8-16,1581
1989-8-15,1573
1989-8-14,1584
1989-8-11,1608
1989-8-10,1609
1989-8-9,1608
1989-8-8,1603
1989-8-7,1592
1989-8-4,1590
1989-8-3,1574
1989-8-2,1587
1989-8-1,1578
1989-7-31,1554
1989-7-28,1553
1989-7-27,1567
1989-7-26,1568
1989-7-25,1555
1989-7-24,1543
1989-7-21,1555
1989-7-20,1550
1989-7-19,1540
1989-7-18,1520
1989-7-17,1522
1989-7-14,1530
1989-7-13,1516
1989-7-12,1503
1989-7-11,1508
1989-7-10,1512
1989-7-7,1510
1989-7-6,1493
1989-7-5,1495
1989-7-4,1505
1989-7-3,1492
1989-6-30,1473
1989-6-29,1491
1989-6-28,1491
1989-6-27,1477
1989-6-26,1487
1989-6-23,1491
1989-6-22,1483
1989-6-21,1474
1989-6-20,1472
1989-6-19,1456
1989-6-16,1426
1989-6-15,1426
1989-6-14,1433
1989-6-13,1429
1989-6-12,1436
1989-6-9,1437
1989-6-8,1438
1989-6-7,1432
1989-6-6,1413
1989-6-5,1419
1989-6-2,1419
1989-6-1,1413
1989-5-31,1407
1989-5-30,1403
1989-5-29,1385
1989-5-26,1375
1989-5-24,1372
1989-5-23,1352
1989-5-22,1345
1989-5-19,1350
1989-5-18,1343
1989-5-17,1345
1989-5-16,1339
1989-5-12,1347
1989-5-11,1358
1989-5-10,1365
1989-5-9,1366
1989-5-8,1380
1989-5-5,1380
1989-5-3,1368
1989-5-2,1362
1989-4-28,1370
1989-4-27,1369
1989-4-26,1373
1989-4-25,1372
1989-4-24,1368
1989-4-21,1376
1989-4-20,1389
1989-4-19,1388
1989-4-18,1394
1989-4-17,1394
1989-4-14,1384
1989-4-13,1387
1989-4-12,1381
1989-4-11,1369
1989-4-10,1359
1989-4-7,1348
1989-4-6,1345
1989-4-5,1348
1989-4-4,1339
1989-4-3,1344
1989-3-31,1322
1989-3-30,1315
1989-3-29,1309
1989-3-28,1306
1989-3-23,1306
1989-3-22,1303
1989-3-21,1303
1989-3-20,1303
1989-3-17,1322
1989-3-16,1323
1989-3-15,1334
1989-3-14,1329
1989-3-13,1313
1989-3-10,1318
1989-3-9,1319
1989-3-8,1317
1989-3-7,1324
1989-3-6,1337
1989-3-3,1325
1989-3-2,1309
1989-3-1,1307
1989-2-28,1288
1989-2-27,1276
1989-2-24,1288
1989-2-23,1271
1989-2-22,1292
1989-2-21,1307
1989-2-20,1319
1989-2-17,1315
1989-2-16,1317
1989-2-15,1317
1989-2-14,1331
1989-2-13,1333
1989-2-10,1353
1989-2-9,1347
1989-2-8,1359
1989-2-7,1344
1989-2-6,1345
1989-2-3,1326
1989-2-2,1319
1989-2-1,1300
1989-1-31,1312
1989-1-30,1328
1989-1-27,1343
1989-1-26,1329
1989-1-25,1341
1989-1-24,1334
1989-1-23,1318
1989-1-20,1323
1989-1-19,1335
1989-1-18,1323
1989-1-17,1316
1989-1-16,1344
1989-1-13,1353
1989-1-12,1358
1989-1-11,1353
1989-1-10,1345
1989-1-9,1366
1989-1-6,1359
1989-1-5,1371
1989-1-4,1365
1989-1-3,1359
1989-1-2,1335
1988-12-29,1327
1988-12-28,1333
1988-12-27,1340
1988-12-23,1328
1988-12-22,1324
1988-12-21,1321
1988-12-20,1333
1988-12-19,1315
1988-12-16,1296
1988-12-15,1285
1988-12-14,1286
1988-12-13,1290
1988-12-12,1292
1988-12-9,1301
1988-12-8,1296
1988-12-7,1299
1988-12-6,1287
1988-12-5,1282
1988-12-2,1275
1988-12-1,1277
1988-11-30,1275
1988-11-29,1262
1988-11-28,1259
1988-11-25,1275
1988-11-24,1279
1988-11-23,1280
1988-11-22,1277
1988-11-21,1284
1988-11-18,1277
1988-11-17,1264
1988-11-16,1262
1988-11-15,1262
1988-11-14,1261
1988-11-11,1252
1988-11-10,1263
1988-11-9,1277
1988-11-8,1287
1988-11-7,1271
1988-11-4,1285
1988-11-3,1280
1988-11-2,1288
1988-11-1,1310
1988-10-31,1300
1988-10-28,1314
1988-10-27,1313
1988-10-26,1310
1988-10-25,1293
1988-10-24,1281
1988-10-21,1289
1988-10-20,1295
1988-10-19,1304
1988-10-18,1295
1988-10-17,1282
1988-10-14,1289
1988-10-13,1269
1988-10-12,1257
1988-10-11,1271
1988-10-10,1286
1988-10-7,1269
1988-10-6,1261
1988-10-5,1252
1988-10-4,1245
1988-10-3,1242
1988-9-30,1252
1988-9-29,1248
1988-9-28,1239
1988-9-27,1248
1988-9-26,1257
1988-9-23,1252
1988-9-22,1253
1988-9-21,1260
1988-9-20,1245
1988-9-19,1252
1988-9-16,1235
1988-9-15,1228
1988-9-14,1224
1988-9-13,1206
1988-9-12,1207
1988-9-9,1186
1988-9-8,1185
1988-9-7,1185
1988-9-6,1179
1988-9-5,1174
1988-9-2,1157
1988-9-1,1152
1988-8-31,1165
1988-8-30,1165
1988-8-29,1152
1988-8-26,1157
1988-8-25,1162
1988-8-24,1161
1988-8-23,1155
1988-8-22,1167
1988-8-19,1170
1988-8-18,1173
1988-8-17,1182
1988-8-16,1158
1988-8-15,1169
1988-8-12,1173
1988-8-11,1168
1988-8-10,1173
1988-8-9,1196
1988-8-8,1198
1988-8-5,1197
1988-8-4,1183
1988-8-3,1187
1988-8-2,1184
1988-8-1,1189
1988-7-29,1181
1988-7-28,1166
1988-7-27,1171
1988-7-26,1176
1988-7-25,1160
1988-7-22,1153
1988-7-21,1165
1988-7-20,1174
1988-7-19,1170
1988-7-18,1179
1988-7-15,1191
1988-7-14,1187
1988-7-13,1172
1988-7-12,1184
1988-7-11,1196
1988-7-8,1197
1988-7-7,1188
1988-7-6,1199
1988-7-5,1178
1988-7-4,1168
1988-7-1,1163
1988-6-30,1140
1988-6-29,1133
1988-6-28,1120
1988-6-27,1129
1988-6-24,1143
1988-6-23,1137
1988-6-22,1141
1988-6-21,1125
1988-6-20,1108
1988-6-16,1118
1988-6-15,1135
1988-6-14,1117
1988-6-13,1120
1988-6-10,1119
1988-6-9,1125
1988-6-8,1105
1988-6-7,1096
1988-6-6,1111
1988-6-3,1102
1988-6-1,1096
1988-5-31,1083
1988-5-30,1070
1988-5-27,1055
1988-5-26,1045
1988-5-25,1045
1988-5-24,1030
1988-5-20,1009
1988-5-19,1008
1988-5-18,1037
1988-5-17,1048
1988-5-16,1053
1988-5-13,1017
1988-5-11,1002
1988-5-10,1009
1988-5-9,1019
1988-5-6,1037
1988-5-5,1037
1988-5-4,1051
1988-5-3,1038
1988-5-2,1051
1988-4-29,1054
1988-4-28,1053
1988-4-27,1062
1988-4-26,1055
1988-4-25,1062
1988-4-22,1069
1988-4-21,1066
1988-4-20,1071
1988-4-19,1083
1988-4-18,1073
1988-4-15,1073
1988-4-14,1097
1988-4-13,1094
1988-4-12,1093
1988-4-11,1097
1988-4-8,1076
1988-4-7,1084
1988-4-6,1075
1988-4-5,1061
1988-3-31,1063
1988-3-30,1065
1988-3-29,1066
1988-3-28,1044
1988-3-25,1061
1988-3-24,1090
1988-3-23,1104
1988-3-22,1106
1988-3-21,1112
1988-3-18,1122
1988-3-17,1107
1988-3-16,1101
1988-3-15,1088
1988-3-14,1073
1988-3-11,1074
1988-3-10,1085
1988-3-9,1076
1988-3-8,1072
1988-3-7,1081
1988-3-4,1076
1988-3-3,1084
1988-3-2,1080
1988-3-1,1085
1988-2-29,1079
1988-2-26,1077
1988-2-25,1096
1988-2-24,1074
1988-2-23,1070
1988-2-22,1066
1988-2-19,1050
1988-2-18,1045
1988-2-17,1054
1988-2-16,1062
1988-2-15,1042
1988-2-12,1032
1988-2-11,1029
1988-2-10,996
1988-2-9,988
1988-2-8,984
1988-2-5,980
1988-2-4,984
1988-2-3,981
1988-2-2,953
1988-2-1,958
1988-1-29,935
1988-1-28,931
1988-1-27,951
1988-1-26,964
1988-1-25,967
1988-1-22,971
1988-1-21,958
1988-1-20,956
1988-1-19,982
1988-1-18,997
1988-1-15,958
1988-1-14,965
1988-1-13,964
1988-1-12,989
1988-1-11,989
1988-1-8,1025
1988-1-7,1009
1988-1-6,1020
1988-1-5,1004
1988-1-4,943
1987-12-30,1000
1987-12-29,992
1987-12-28,1009
1987-12-23,1049
1987-12-22,1048
1987-12-21,1045
1987-12-18,1029
1987-12-17,1040
1987-12-16,1051
1987-12-15,1033
1987-12-14,1009
1987-12-11,1017
1987-12-10,1032
1987-12-9,1016
1987-12-8,1016
1987-12-7,999
1987-12-4,1003
1987-12-3,1037
1987-12-2,1044
1987-12-1,1030
1987-11-30,1022
1987-11-27,1052
1987-11-26,1058
1987-11-25,1067
1987-11-24,1080
1987-11-23,1037
1987-11-20,1027
1987-11-19,1055
1987-11-17,1063
1987-11-16,1082
1987-11-13,1075
1987-11-12,1061
1987-11-11,988
1987-11-10,945
1987-11-9,1012
1987-11-6,1067
1987-11-5,1093
1987-11-4,1097
1987-11-3,1130
1987-11-2,1163
1987-10-30,1177
1987-10-29,1104
1987-10-28,1142
1987-10-27,1225
1987-10-26,1193
1987-10-23,1292
1987-10-22,1287
1987-10-21,1379
1987-10-20,1302
1987-10-19,1321
1987-10-16,1458
1987-10-15,1460
1987-10-14,1497
1987-10-13,1500
1987-10-12,1480
1987-10-9,1478
1987-10-8,1519
1987-10-7,1517
1987-10-6,1525
1987-10-5,1538
1987-10-2,1543
1987-10-1,1520
1987-9-30,1500
1987-9-29,1505
1987-9-28,1493
1987-9-25,1492
1987-9-24,1498
1987-9-23,1503
1987-9-22,1495
1987-9-21,1496
1987-9-18,1502
1987-9-17,1509
1987-9-16,1515
1987-9-15,1524
1987-9-14,1531
1987-9-11,1509
1987-9-10,1507
1987-9-9,1491
1987-9-8,1481
1987-9-7,1471
1987-9-4,1500
1987-9-3,1516
1987-9-2,1537
1987-9-1,1547
1987-8-31,1537
1987-8-28,1540
1987-8-27,1531
1987-8-26,1536
1987-8-25,1529
1987-8-24,1536
1987-8-21,1546
1987-8-20,1544
1987-8-19,1530
1987-8-18,1552
1987-8-17,1570
1987-8-14,1563
1987-8-13,1542
1987-8-12,1548
1987-8-11,1559
1987-8-10,1553
1987-8-7,1559
1987-8-6,1550
1987-8-5,1536
1987-8-4,1520
1987-8-3,1507
1987-7-31,1510
1987-7-30,1501
1987-7-29,1478
1987-7-28,1468
1987-7-27,1454
1987-7-24,1459
1987-7-23,1443
1987-7-22,1460
1987-7-21,1472
1987-7-20,1483
1987-7-17,1472
1987-7-16,1455
1987-7-15,1462
1987-7-14,1440
1987-7-13,1431
1987-7-10,1419
1987-7-9,1411
1987-7-8,1419
1987-7-7,1414
1987-7-6,1408
1987-7-3,1419
1987-7-2,1400
1987-7-1,1383
1987-6-30,1382
1987-6-29,1397
1987-6-26,1408
1987-6-25,1395
1987-6-24,1371
1987-6-23,1401
1987-6-22,1390
1987-6-19,1377
1987-6-16,1346
1987-6-15,1339
1987-6-12,1313
1987-6-11,1311
1987-6-10,1303
1987-6-9,1302
1987-6-5,1308
1987-6-4,1306
1987-6-3,1311
1987-6-2,1310
1987-6-1,1328
1987-5-29,1316
1987-5-27,1306
1987-5-26,1293
1987-5-25,1280
1987-5-22,1283
1987-5-21,1283
1987-5-20,1271
1987-5-19,1299
1987-5-18,1294
1987-5-15,1310
1987-5-14,1312
1987-5-13,1324
1987-5-12,1314
1987-5-11,1323
1987-5-8,1325
1987-5-7,1328
1987-5-6,1326
1987-5-5,1311
1987-5-4,1309
1987-4-30,1308
1987-4-29,1314
1987-4-28,1310
1987-4-27,1282
1987-4-24,1315
1987-4-23,1336
1987-4-22,1343
1987-4-21,1312
1987-4-16,1323
1987-4-15,1312
1987-4-14,1300
1987-4-13,1282
1987-4-10,1298
1987-4-9,1327
1987-4-8,1337
1987-4-7,1331
1987-4-6,1358
1987-4-3,1335
1987-4-2,1334
1987-4-1,1332
1987-3-31,1301
1987-3-30,1296
1987-3-27,1306
1987-3-26,1270
1987-3-25,1240
1987-3-24,1235
1987-3-23,1217
1987-3-20,1196
1987-3-19,1179
1987-3-18,1214
1987-3-17,1220
1987-3-16,1238
1987-3-13,1243
1987-3-12,1250
1987-3-11,1253
1987-3-10,1264
1987-3-9,1275
1987-3-6,1262
1987-3-5,1273
1987-3-4,1256
1987-3-3,1244
1987-3-2,1236
1987-2-27,1244
1987-2-26,1243
1987-2-25,1251
1987-2-24,1239
1987-2-23,1242
1987-2-20,1265
1987-2-19,1276
1987-2-18,1249
1987-2-17,1232
1987-2-16,1260
1987-2-13,1277
1987-2-12,1265
1987-2-11,1253
1987-2-10,1264
1987-2-9,1269
1987-2-6,1250
1987-2-5,1229
1987-2-4,1216
1987-2-3,1241
1987-2-2,1276
1987-1-30,1294
1987-1-29,1272
1987-1-28,1249
1987-1-27,1294
1987-1-26,1309
1987-1-23,1347
1987-1-22,1336
1987-1-21,1332
1987-1-20,1330
1987-1-19,1328
1987-1-16,1356
1987-1-15,1353
1987-1-14,1331
1987-1-13,1326
1987-1-12,1336
1987-1-9,1348
1987-1-8,1382
1987-1-7,1418
1987-1-6,1434
1987-1-5,1421
1987-1-2,1413
1986-12-30,1432
1986-12-29,1434
1986-12-23,1435
1986-12-22,1421
1986-12-19,1428
1986-12-18,1429
1986-12-17,1437
1986-12-16,1447
1986-12-15,1436
1986-12-12,1444
1986-12-11,1448
1986-12-10,1452
1986-12-9,1455
1986-12-8,1455
1986-12-5,1463
1986-12-4,1460
1986-12-3,1470
1986-12-2,1452
1986-12-1,1453
1986-11-28,1466
1986-11-27,1461
1986-11-26,1456
1986-11-25,1456
1986-11-24,1451
1986-11-21,1435
1986-11-20,1412
1986-11-18,1402
1986-11-17,1396
1986-11-14,1408
1986-11-13,1411
1986-11-12,1403
1986-11-11,1412
1986-11-10,1425
1986-11-7,1429
1986-11-6,1429
1986-11-5,1424
1986-11-4,1437
1986-11-3,1432
1986-10-31,1426
1986-10-30,1410
1986-10-29,1384
1986-10-28,1400
1986-10-27,1420
1986-10-24,1429
1986-10-23,1410
1986-10-22,1401
1986-10-21,1406
1986-10-20,1395
1986-10-17,1399
1986-10-16,1420
1986-10-15,1418
1986-10-14,1433
1986-10-13,1421
1986-10-10,1429
1986-10-9,1440
1986-10-8,1443
1986-10-7,1454
1986-10-6,1440
1986-10-3,1444
1986-10-2,1449
1986-10-1,1443
1986-9-30,1408
1986-9-29,1410
1986-9-26,1416
1986-9-25,1438
1986-9-24,1436
1986-9-23,1447
1986-9-22,1417
1986-9-19,1410
1986-9-18,1398
1986-9-17,1420
1986-9-16,1449
1986-9-15,1456
1986-9-12,1456
1986-9-11,1478
1986-9-10,1479
1986-9-9,1467
1986-9-8,1478
1986-9-5,1497
1986-9-4,1486
1986-9-3,1488
1986-9-2,1506
1986-9-1,1502
1986-8-29,1497
1986-8-28,1479
1986-8-27,1484
1986-8-26,1464
1986-8-25,1483
1986-8-22,1469
1986-8-21,1466
1986-8-20,1447
1986-8-19,1472
1986-8-18,1442
1986-8-15,1425
1986-8-14,1439
1986-8-13,1437
1986-8-12,1415
1986-8-11,1415
1986-8-8,1392
1986-8-7,1337
1986-8-6,1324
1986-8-5,1320
1986-8-4,1294
1986-8-1,1282
1986-7-31,1288
1986-7-30,1292
1986-7-29,1285
1986-7-28,1289
1986-7-25,1306
1986-7-24,1292
1986-7-23,1269
1986-7-22,1248
1986-7-21,1257
1986-7-18,1290
1986-7-17,1290
1986-7-16,1271
1986-7-15,1309
1986-7-14,1342
1986-7-11,1339
1986-7-10,1327
1986-7-9,1297
1986-7-8,1289
1986-7-7,1284
1986-7-4,1354
1986-7-3,1342
1986-7-2,1354
1986-7-1,1342
1986-6-30,1357
1986-6-27,1381
1986-6-26,1361
1986-6-25,1362
1986-6-24,1368
1986-6-23,1397
1986-6-20,1386
1986-6-19,1400
1986-6-18,1422
1986-6-16,1449
1986-6-13,1420
1986-6-12,1408
1986-6-11,1386
1986-6-10,1384
1986-6-9,1394
1986-6-6,1366
1986-6-5,1355
1986-6-4,1345
1986-6-3,1329
1986-6-2,1369
1986-5-30,1380
1986-5-28,1363
1986-5-27,1366
1986-5-26,1394
1986-5-23,1401
1986-5-22,1403
1986-5-21,1360
1986-5-20,1336
1986-5-16,1370
1986-5-15,1383
1986-5-14,1412
1986-5-13,1388
1986-5-12,1398
1986-5-9,1442
1986-5-7,1465
1986-5-6,1483
1986-5-5,1462
1986-5-2,1491
1986-4-30,1507
1986-4-29,1516
1986-4-28,1472
1986-4-25,1509
1986-4-24,1512
1986-4-23,1525
1986-4-22,1558
1986-4-21,1563
1986-4-18,1579
1986-4-17,1586
1986-4-16,1572
1986-4-15,1549
1986-4-14,1570
1986-4-11,1544
1986-4-10,1523
1986-4-9,1535
1986-4-8,1541
1986-4-7,1531
1986-4-4,1510
1986-4-3,1514
1986-4-2,1497
1986-4-1,1496
1986-3-27,1481
1986-3-26,1472
1986-3-25,1457
1986-3-24,1443
1986-3-21,1460
1986-3-20,1474
1986-3-19,1481
1986-3-18,1457
1986-3-17,1477
1986-3-14,1473
1986-3-13,1465
1986-3-12,1473
1986-3-11,1455
1986-3-10,1435
1986-3-7,1421
1986-3-6,1421
1986-3-5,1421
1986-3-4,1404
1986-3-3,1361
1986-2-28,1357
1986-2-27,1323
1986-2-26,1344
1986-2-25,1358
1986-2-24,1393
1986-2-21,1395
1986-2-20,1380
1986-2-19,1394
1986-2-18,1406
1986-2-17,1364
1986-2-14,1392
1986-2-13,1402
1986-2-12,1435
1986-2-11,1444
1986-2-10,1437
1986-2-7,1434
1986-2-6,1436
1986-2-5,1435
1986-2-4,1416
1986-2-3,1394
1986-1-31,1387
1986-1-30,1380
1986-1-29,1409
1986-1-28,1418
1986-1-27,1460
1986-1-24,1449
1986-1-23,1398
1986-1-22,1424
1986-1-21,1462
1986-1-20,1491
1986-1-17,1504
1986-1-16,1490
1986-1-15,1507
1986-1-14,1472
1986-1-13,1451
1986-1-10,1449
1986-1-9,1461
1986-1-8,1474
1986-1-7,1428
1986-1-6,1425
1986-1-3,1414
1986-1-2,1374
