04.01.2006,74.97 ,29.61 ,26.97 
05.01.2006,74.38 ,29.40 ,26.99 
06.01.2006,76.30 ,30.24 ,26.91 
09.01.2006,76.05 ,30.62 ,26.86 
10.01.2006,80.86 ,30.78 ,27.00 
11.01.2006,83.90 ,31.34 ,27.29 
12.01.2006,84.29 ,31.02 ,27.14 
13.01.2006,85.59 ,31.90 ,27.19 
17.01.2006,84.71 ,31.66 ,26.99 
18.01.2006,82.49 ,31.67 ,26.83 
19.01.2006,79.04 ,32.24 ,27.02 
20.01.2006,76.09 ,31.74 ,26.41 
23.01.2006,77.67 ,31.34 ,26.35 
24.01.2006,76.04 ,31.37 ,26.28 
25.01.2006,74.20 ,32.11 ,26.40 
26.01.2006,72.33 ,31.60 ,26.50 
27.01.2006,72.03 ,31.29 ,27.79 
30.01.2006,75.00 ,31.28 ,28.00 
31.01.2006,75.51 ,31.18 ,28.15 
01.02.2006,75.42 ,31.23 ,28.04 
02.02.2006,72.10 ,30.91 ,27.68 
03.02.2006,71.85 ,30.56 ,27.54 
06.02.2006,67.30 ,30.27 ,27.17 
07.02.2006,67.60 ,30.37 ,26.94 
08.02.2006,68.81 ,32.01 ,26.91 
09.02.2006,64.95 ,31.60 ,26.66 
10.02.2006,67.31 ,31.51 ,26.69 
13.02.2006,64.71 ,31.74 ,26.39 
14.02.2006,67.64 ,32.49 ,26.65 
15.02.2006,69.22 ,31.67 ,26.88 
16.02.2006,70.57 ,34.02 ,26.81 
17.02.2006,70.29 ,34.07 ,26.70 
21.02.2006,69.08 ,32.51 ,26.54 
22.02.2006,71.32 ,32.94 ,26.72 
23.02.2006,71.75 ,32.37 ,26.66 
24.02.2006,71.46 ,32.02 ,26.63 
27.02.2006,70.99 ,33.41 ,27.05 
28.02.2006,68.49 ,32.81 ,26.87 
01.03.2006,69.10 ,34.05 ,27.14 
02.03.2006,69.61 ,34.19 ,26.97 
03.03.2006,67.72 ,33.26 ,26.93 
06.03.2006,65.48 ,32.86 ,26.91 
07.03.2006,66.31 ,32.96 ,27.06 
08.03.2006,65.66 ,32.68 ,27.25 
09.03.2006,63.93 ,32.76 ,27.00 
10.03.2006,63.19 ,32.99 ,27.17 
13.03.2006,65.68 ,33.22 ,27.11 
14.03.2006,67.32 ,33.40 ,27.23 
15.03.2006,66.23 ,33.89 ,27.36 
16.03.2006,64.31 ,33.86 ,27.27 
17.03.2006,64.66 ,34.16 ,27.50 
20.03.2006,63.99 ,33.96 ,27.89 
21.03.2006,61.81 ,33.54 ,27.74 
22.03.2006,61.67 ,33.36 ,27.15 
23.03.2006,60.16 ,33.00 ,26.85 
24.03.2006,59.96 ,33.17 ,27.01 
27.03.2006,59.51 ,33.11 ,27.01 
28.03.2006,58.71 ,32.07 ,26.90 
29.03.2006,62.33 ,32.72 ,27.02 
30.03.2006,62.75 ,32.57 ,27.23 
31.03.2006,62.72 ,32.90 ,27.21 
03.04.2006,62.65 ,33.53 ,27.56 
04.04.2006,61.17 ,33.69 ,27.64 
05.04.2006,67.21 ,34.36 ,27.74 
06.04.2006,71.24 ,34.10 ,27.56 
07.04.2006,69.79 ,33.37 ,27.25 
10.04.2006,68.67 ,33.10 ,27.29 
11.04.2006,67.99 ,32.54 ,27.13 
12.04.2006,66.71 ,32.33 ,27.20 
13.04.2006,66.47 ,32.62 ,27.07 
17.04.2006,64.81 ,32.03 ,26.84 
18.04.2006,66.22 ,33.48 ,27.22 
19.04.2006,65.65 ,32.99 ,27.03 
20.04.2006,67.63 ,33.81 ,27.03 
21.04.2006,67.04 ,32.96 ,27.15 
24.04.2006,65.75 ,32.90 ,27.11 
25.04.2006,66.17 ,33.01 ,27.11 
26.04.2006,68.15 ,32.80 ,27.10 
27.04.2006,69.36 ,33.26 ,27.25 
28.04.2006,70.39 ,32.47 ,24.15 
01.05.2006,69.60 ,32.64 ,24.29 
02.05.2006,71.62 ,32.32 ,24.01 
03.05.2006,71.14 ,32.84 ,23.17 
04.05.2006,71.13 ,33.29 ,23.44 
05.05.2006,71.89 ,33.87 ,23.80 
08.05.2006,71.89 ,33.79 ,23.73 
09.05.2006,71.03 ,33.12 ,23.62 
10.05.2006,70.60 ,33.08 ,23.77 
11.05.2006,68.15 ,32.53 ,23.22 
12.05.2006,67.70 ,32.13 ,23.17 
15.05.2006,67.79 ,31.63 ,23.15 
16.05.2006,64.98 ,31.11 ,23.01 
17.05.2006,65.26 ,32.16 ,22.73 
18.05.2006,63.18 ,32.48 ,22.83 
19.05.2006,64.51 ,32.02 ,22.56 
22.05.2006,63.38 ,32.18 ,22.88 
23.05.2006,63.15 ,32.11 ,22.79 
24.05.2006,63.34 ,32.37 ,23.50 
25.05.2006,64.33 ,32.27 ,23.74 
26.05.2006,63.55 ,32.54 ,23.72 
30.05.2006,61.22 ,31.92 ,23.15 
31.05.2006,59.77 ,32.38 ,22.65 
01.06.2006,62.17 ,32.43 ,22.82 
02.06.2006,61.66 ,32.40 ,22.76 
05.06.2006,60.00 ,31.59 ,22.50 
06.06.2006,59.72 ,30.90 ,22.13 
07.06.2006,58.56 ,30.93 ,22.04 
08.06.2006,60.76 ,30.06 ,22.11 
09.06.2006,59.24 ,29.94 ,21.92 
12.06.2006,57.00 ,29.87 ,21.71 
13.06.2006,58.33 ,29.79 ,21.51 
14.06.2006,57.61 ,30.14 ,21.88 
15.06.2006,59.38 ,31.88 ,22.07 
16.06.2006,57.56 ,33.04 ,22.10 
19.06.2006,57.20 ,33.57 ,22.55 
20.06.2006,57.47 ,32.86 ,22.56 
21.06.2006,57.86 ,33.74 ,23.08 
22.06.2006,59.58 ,32.97 ,22.88 
23.06.2006,58.83 ,32.66 ,22.50 
26.06.2006,58.99 ,32.49 ,22.82 
27.06.2006,57.43 ,31.94 ,22.86 
28.06.2006,56.02 ,31.59 ,23.16 
29.06.2006,58.97 ,32.03 ,23.47 
30.06.2006,57.27 ,31.68 ,23.30 
03.07.2006,57.95 ,32.51 ,23.70 
05.07.2006,57.00 ,32.77 ,23.35 
06.07.2006,55.77 ,33.10 ,23.48 
07.07.2006,55.40 ,32.85 ,23.30 
10.07.2006,55.00 ,31.93 ,23.50 
11.07.2006,55.65 ,32.54 ,23.10 
12.07.2006,52.96 ,31.67 ,22.64 
13.07.2006,52.25 ,31.22 ,22.26 
14.07.2006,50.67 ,30.76 ,22.29 
17.07.2006,52.37 ,31.20 ,22.48 
18.07.2006,52.90 ,30.95 ,22.74 
19.07.2006,54.10 ,32.25 ,23.40 
20.07.2006,60.50 ,31.80 ,22.85 
21.07.2006,60.72 ,30.52 ,23.87 
24.07.2006,61.42 ,31.07 ,24.00 
25.07.2006,61.93 ,31.33 ,24.22 
26.07.2006,63.87 ,31.75 ,24.37 
27.07.2006,63.40 ,32.19 ,23.87 
28.07.2006,65.59 ,32.11 ,24.25 
31.07.2006,67.96 ,31.91 ,24.06 
01.08.2006,67.18 ,31.67 ,23.99 
02.08.2006,68.16 ,32.50 ,24.30 
03.08.2006,69.59 ,32.59 ,24.21 
04.08.2006,68.30 ,32.44 ,24.29 
07.08.2006,67.21 ,32.74 ,24.22 
08.08.2006,64.78 ,32.89 ,24.34 
09.08.2006,63.59 ,33.06 ,24.44 
10.08.2006,64.07 ,33.01 ,24.46 
11.08.2006,63.65 ,33.05 ,24.43 
14.08.2006,63.94 ,33.29 ,24.53 
15.08.2006,66.45 ,33.99 ,24.62 
16.08.2006,67.98 ,34.43 ,24.70 
17.08.2006,67.59 ,35.15 ,24.70 
18.08.2006,67.91 ,35.52 ,25.79 
21.08.2006,66.56 ,34.89 ,26.12 
22.08.2006,67.62 ,35.02 ,25.62 
23.08.2006,67.31 ,35.26 ,25.67 
24.08.2006,67.81 ,35.38 ,25.74 
25.08.2006,68.75 ,35.23 ,25.85 
28.08.2006,66.98 ,35.28 ,25.95 
29.08.2006,66.48 ,35.76 ,25.84 
30.08.2006,66.96 ,36.00 ,25.80 
31.08.2006,67.85 ,36.56 ,25.70 
01.09.2006,68.38 ,36.53 ,25.84 
05.09.2006,71.48 ,36.46 ,25.61 
06.09.2006,70.03 ,35.84 ,25.61 
07.09.2006,72.80 ,35.42 ,25.43 
08.09.2006,72.52 ,36.17 ,25.60 
11.09.2006,72.50 ,36.36 ,25.91 
12.09.2006,72.63 ,36.92 ,25.93 
13.09.2006,74.20 ,36.37 ,25.98 
14.09.2006,74.17 ,36.25 ,26.33 
15.09.2006,74.10 ,36.18 ,26.85 
18.09.2006,73.89 ,36.40 ,26.79 
19.09.2006,73.77 ,36.35 ,26.86 
20.09.2006,75.26 ,36.78 ,27.18 
21.09.2006,74.65 ,34.87 ,26.90 
22.09.2006,73.00 ,35.11 ,26.66 
25.09.2006,75.75 ,35.71 ,26.95 
26.09.2006,77.61 ,35.70 ,27.20 
27.09.2006,76.41 ,35.39 ,27.44 
28.09.2006,77.01 ,35.97 ,27.40 
29.09.2006,76.98 ,36.69 ,27.35 
02.10.2006,74.86 ,37.66 ,27.36 
03.10.2006,74.08 ,37.42 ,27.37 
04.10.2006,75.38 ,38.02 ,27.94 
05.10.2006,74.83 ,37.84 ,27.92 
06.10.2006,74.22 ,37.72 ,27.87 
09.10.2006,74.63 ,38.00 ,27.72 
10.10.2006,73.81 ,37.93 ,27.69 
11.10.2006,73.23 ,37.87 ,27.54 
12.10.2006,75.26 ,38.42 ,28.22 
13.10.2006,75.02 ,38.86 ,28.37 
16.10.2006,75.40 ,38.76 ,28.45 
17.10.2006,74.29 ,39.06 ,28.44 
18.10.2006,74.53 ,39.01 ,28.52 
19.10.2006,78.99 ,39.56 ,28.29 
20.10.2006,79.95 ,39.38 ,28.43 
23.10.2006,81.46 ,39.87 ,28.45 
24.10.2006,81.05 ,39.44 ,28.28 
25.10.2006,81.68 ,39.17 ,28.31 
26.10.2006,82.19 ,39.17 ,28.35 
27.10.2006,80.41 ,38.46 ,28.34 
30.10.2006,80.42 ,38.92 ,28.53 
31.10.2006,81.08 ,38.74 ,28.71 
01.11.2006,79.16 ,38.55 ,28.81 
02.11.2006,78.98 ,38.59 ,28.77 
03.11.2006,78.29 ,38.22 ,28.73 
06.11.2006,79.71 ,38.73 ,28.84 
07.11.2006,80.51 ,38.70 ,28.95 
08.11.2006,82.45 ,38.88 ,28.98 
09.11.2006,83.34 ,39.56 ,29.26 
10.11.2006,83.12 ,39.99 ,29.24 
13.11.2006,84.35 ,40.22 ,29.35 
14.11.2006,85.00 ,40.67 ,29.23 
15.11.2006,84.05 ,39.79 ,29.12 
16.11.2006,85.61 ,40.13 ,29.47 
17.11.2006,85.85 ,39.77 ,29.40 
20.11.2006,86.47 ,39.71 ,29.89 
21.11.2006,88.60 ,39.99 ,29.92 
22.11.2006,90.31 ,39.72 ,29.92 
24.11.2006,91.63 ,39.56 ,29.76 
27.11.2006,89.54 ,38.64 ,29.48 
28.11.2006,91.81 ,38.87 ,29.39 
29.11.2006,91.80 ,39.39 ,29.57 
30.11.2006,91.66 ,39.46 ,29.36 
01.12.2006,91.32 ,39.44 ,29.12 
04.12.2006,91.12 ,39.86 ,29.33 
05.12.2006,91.27 ,39.91 ,29.13 
06.12.2006,89.83 ,40.14 ,28.99 
07.12.2006,87.04 ,39.86 ,28.85 
08.12.2006,88.26 ,39.64 ,29.40 
11.12.2006,88.75 ,40.01 ,29.54 
12.12.2006,86.14 ,39.83 ,29.43 
13.12.2006,89.05 ,39.67 ,29.55 
14.12.2006,88.55 ,39.91 ,30.07 
15.12.2006,87.72 ,39.94 ,30.19 
18.12.2006,85.47 ,40.03 ,29.89 
19.12.2006,86.31 ,40.43 ,29.99 
20.12.2006,84.76 ,41.34 ,30.09 
21.12.2006,82.90 ,40.80 ,29.98 
22.12.2006,82.20 ,40.63 ,29.64 
26.12.2006,81.51 ,40.93 ,29.99 
27.12.2006,81.52 ,41.60 ,30.02 
28.12.2006,80.87 ,41.36 ,29.98 
29.12.2006,84.84 ,41.19 ,29.86 
03.01.2007,83.80 ,41.62 ,29.86 
04.01.2007,85.66 ,41.68 ,29.81 
05.01.2007,85.05 ,42.20 ,29.64 
08.01.2007,85.47 ,41.97 ,29.93 
09.01.2007,92.57 ,42.20 ,29.96 
10.01.2007,97.00 ,42.20 ,29.66 
11.01.2007,95.80 ,42.64 ,30.70 
12.01.2007,94.62 ,43.53 ,31.21 
16.01.2007,97.10 ,43.20 ,31.16 
17.01.2007,94.95 ,42.49 ,31.10 
18.01.2007,89.07 ,42.34 ,31.00 
19.01.2007,88.50 ,42.00 ,31.11 
22.01.2007,86.79 ,42.02 ,30.72 
23.01.2007,85.70 ,42.31 ,30.74 
24.01.2007,86.70 ,42.39 ,31.09 
25.01.2007,86.25 ,41.71 ,30.45 
26.01.2007,85.38 ,41.69 ,30.60 
29.01.2007,85.94 ,42.42 ,30.53 
30.01.2007,85.55 ,43.11 ,30.48 
31.01.2007,85.73 ,43.28 ,30.86 
01.02.2007,84.74 ,42.36 ,30.56 
02.02.2007,84.75 ,42.07 ,30.19 
05.02.2007,83.94 ,42.81 ,29.61 
06.02.2007,84.15 ,42.01 ,29.51 
07.02.2007,86.15 ,42.30 ,29.37 
08.02.2007,86.18 ,42.47 ,29.26 
09.02.2007,83.27 ,42.23 ,28.98 
12.02.2007,84.88 ,42.10 ,28.94 
13.02.2007,84.70 ,42.59 ,29.01 
14.02.2007,85.30 ,42.83 ,29.40 
15.02.2007,85.21 ,42.68 ,29.46 
16.02.2007,84.83 ,42.77 ,28.74 
20.02.2007,85.90 ,43.13 ,28.83 
21.02.2007,89.20 ,41.10 ,29.35 
22.02.2007,89.51 ,40.78 ,29.39 
23.02.2007,89.07 ,40.82 ,28.90 
26.02.2007,88.51 ,40.29 ,29.07 
27.02.2007,83.93 ,38.92 ,27.87 
28.02.2007,84.61 ,39.35 ,28.17 
01.03.2007,87.06 ,38.93 ,28.09 
02.03.2007,85.41 ,38.67 ,27.76 
05.03.2007,86.32 ,38.75 ,27.55 
06.03.2007,88.19 ,39.43 ,27.83 
07.03.2007,87.72 ,40.17 ,27.61 
08.03.2007,88.00 ,40.27 ,27.32 
09.03.2007,87.97 ,40.11 ,27.29 
12.03.2007,89.87 ,40.37 ,27.44 
13.03.2007,88.40 ,39.55 ,26.72 
14.03.2007,90.00 ,39.79 ,27.40 
15.03.2007,89.57 ,39.70 ,27.28 
16.03.2007,89.59 ,39.91 ,27.33 
19.03.2007,91.13 ,40.21 ,27.83 
20.03.2007,91.48 ,39.61 ,27.84 
21.03.2007,93.87 ,40.19 ,28.52 
22.03.2007,93.96 ,40.45 ,28.27 
23.03.2007,93.52 ,40.43 ,28.02 
26.03.2007,95.85 ,40.44 ,28.22 
27.03.2007,95.46 ,40.23 ,27.72 
28.03.2007,93.24 ,39.79 ,27.64 
29.03.2007,93.75 ,40.00 ,27.75 
30.03.2007,92.91 ,40.14 ,27.87 
02.04.2007,93.65 ,40.31 ,27.74 
03.04.2007,94.50 ,40.89 ,27.87 
04.04.2007,94.27 ,41.10 ,28.50 
05.04.2007,94.68 ,41.80 ,28.55 
09.04.2007,93.65 ,41.34 ,28.57 
10.04.2007,94.25 ,40.72 ,28.40 
11.04.2007,92.59 ,40.73 ,28.11 
12.04.2007,92.19 ,41.12 ,28.54 
13.04.2007,90.24 ,41.18 ,28.61 
16.04.2007,91.43 ,41.19 ,28.73 
17.04.2007,90.35 ,41.21 ,28.85 
18.04.2007,90.40 ,40.98 ,28.60 
19.04.2007,90.27 ,41.15 ,28.69 
20.04.2007,90.97 ,41.37 ,29.02 
23.04.2007,93.51 ,41.41 ,28.78 
24.04.2007,93.24 ,41.65 ,28.79 
25.04.2007,95.35 ,41.87 ,28.99 
26.04.2007,98.84 ,42.04 ,29.10 
27.04.2007,99.92 ,42.29 ,30.12 
30.04.2007,99.80 ,42.14 ,29.94 
01.05.2007,99.47 ,42.92 ,30.40 
02.05.2007,100.39 ,42.93 ,30.61 
03.05.2007,100.40 ,42.83 ,30.97 
04.05.2007,100.81 ,43.79 ,30.56 
07.05.2007,103.92 ,43.80 ,30.71 
08.05.2007,105.06 ,45.01 ,30.75 
09.05.2007,106.88 ,44.93 ,30.78 
10.05.2007,107.34 ,44.67 ,30.58 
11.05.2007,108.74 ,45.24 ,30.89 
14.05.2007,109.36 ,45.02 ,30.97 
15.05.2007,107.52 ,44.75 ,30.90 
16.05.2007,107.34 ,45.21 ,31.07 
17.05.2007,109.44 ,44.87 ,30.98 
18.05.2007,110.02 ,44.58 ,30.83 
21.05.2007,111.98 ,45.22 ,31.05 
22.05.2007,113.54 ,45.58 ,30.69 
23.05.2007,112.89 ,45.63 ,30.58 
24.05.2007,110.69 ,45.40 ,30.17 
25.05.2007,113.62 ,45.62 ,30.48 
29.05.2007,114.35 ,45.56 ,30.79 
30.05.2007,118.77 ,45.67 ,31.11 
31.05.2007,121.19 ,45.71 ,30.69 
01.06.2007,118.40 ,45.81 ,30.59 
04.06.2007,121.33 ,45.98 ,30.72 
05.06.2007,122.67 ,45.92 ,30.58 
06.06.2007,123.64 ,46.03 ,30.29 
07.06.2007,124.07 ,45.41 ,29.62 
08.06.2007,124.49 ,45.78 ,30.05 
11.06.2007,120.19 ,45.89 ,30.02 
12.06.2007,120.38 ,45.06 ,29.85 
13.06.2007,117.50 ,45.50 ,30.39 
14.06.2007,118.75 ,45.67 ,30.52 
15.06.2007,120.50 ,45.71 ,30.49 
18.06.2007,125.09 ,45.89 ,30.51 
19.06.2007,123.66 ,45.90 ,30.46 
20.06.2007,121.55 ,45.04 ,30.01 
21.06.2007,123.90 ,45.50 ,30.22 
22.06.2007,123.00 ,45.18 ,29.49 
25.06.2007,122.34 ,44.94 ,29.49 
26.06.2007,119.65 ,44.64 ,29.52 
27.06.2007,121.89 ,45.19 ,29.87 
28.06.2007,120.56 ,44.61 ,29.83 
29.06.2007,122.04 ,44.62 ,29.47 
02.07.2007,121.26 ,45.19 ,29.74 
03.07.2007,127.17 ,45.58 ,30.02 
05.07.2007,132.75 ,45.90 ,29.99 
06.07.2007,132.30 ,45.98 ,29.97 
09.07.2007,130.33 ,45.36 ,29.87 
10.07.2007,132.35 ,44.94 ,29.33 
11.07.2007,132.39 ,45.65 ,29.49 
12.07.2007,134.07 ,47.35 ,30.07 
13.07.2007,137.73 ,47.25 ,29.82 
16.07.2007,138.10 ,47.44 ,30.03 
17.07.2007,138.91 ,47.51 ,30.78 
18.07.2007,138.12 ,47.14 ,30.92 
19.07.2007,140.00 ,48.40 ,31.51 
20.07.2007,143.75 ,48.54 ,31.16 
23.07.2007,143.70 ,48.43 ,31.19 
24.07.2007,134.89 ,47.61 ,30.80 
25.07.2007,137.26 ,47.54 ,30.71 
26.07.2007,146.00 ,47.10 ,29.98 
27.07.2007,143.85 ,46.46 ,29.39 
30.07.2007,141.43 ,46.14 ,29.40 
31.07.2007,131.76 ,46.03 ,28.99 
01.08.2007,135.00 ,46.73 ,29.30 
02.08.2007,136.49 ,48.23 ,29.52 
03.08.2007,131.85 ,47.41 ,28.96 
06.08.2007,135.25 ,48.46 ,29.54 
07.08.2007,135.03 ,48.48 ,29.55 
08.08.2007,134.01 ,49.40 ,30.00 
09.08.2007,126.39 ,47.02 ,29.30 
10.08.2007,125.00 ,47.21 ,28.71 
13.08.2007,127.79 ,48.43 ,28.63 
14.08.2007,124.03 ,47.28 ,28.27 
15.08.2007,119.90 ,46.15 ,28.10 
16.08.2007,117.05 ,46.05 ,27.81 
17.08.2007,122.06 ,47.15 ,28.25 
20.08.2007,122.22 ,46.58 ,28.26 
21.08.2007,127.57 ,46.01 ,28.07 
22.08.2007,132.51 ,46.42 ,28.22 
23.08.2007,131.07 ,47.65 ,28.30 
24.08.2007,135.30 ,48.10 ,28.81 
27.08.2007,132.25 ,47.79 ,28.49 
28.08.2007,126.82 ,46.88 ,27.93 
29.08.2007,134.08 ,48.42 ,28.59 
30.08.2007,136.25 ,48.44 ,28.45 
31.08.2007,138.48 ,49.35 ,28.73 
04.09.2007,144.16 ,50.14 ,28.81 
05.09.2007,136.76 ,50.10 ,28.48 
06.09.2007,135.01 ,50.19 ,28.91 
07.09.2007,131.77 ,48.85 ,28.44 
10.09.2007,136.71 ,49.00 ,28.48 
11.09.2007,135.49 ,49.87 ,28.93 
12.09.2007,136.85 ,48.76 ,28.93 
13.09.2007,137.20 ,48.77 ,29.16 
14.09.2007,138.81 ,48.38 ,29.04 
17.09.2007,138.41 ,49.14 ,28.73 
18.09.2007,140.92 ,50.17 ,28.93 
19.09.2007,140.77 ,49.78 ,28.67 
20.09.2007,140.31 ,50.10 ,28.42 
21.09.2007,144.15 ,50.53 ,28.65 
24.09.2007,148.28 ,50.24 ,29.08 
25.09.2007,153.18 ,50.98 ,29.56 
26.09.2007,152.77 ,50.62 ,29.50 
27.09.2007,154.50 ,50.27 ,29.49 
28.09.2007,153.47 ,49.79 ,29.46 
01.10.2007,156.34 ,50.98 ,29.77 
02.10.2007,158.45 ,51.04 ,29.70 
03.10.2007,157.92 ,50.36 ,29.45 
04.10.2007,156.24 ,50.47 ,29.71 
05.10.2007,161.45 ,50.90 ,29.84 
08.10.2007,167.91 ,52.03 ,29.84 
09.10.2007,167.86 ,52.46 ,30.10 
10.10.2007,166.79 ,52.25 ,30.23 
11.10.2007,162.23 ,51.61 ,29.91 
12.10.2007,167.25 ,51.55 ,30.17 
15.10.2007,166.98 ,51.24 ,30.04 
16.10.2007,169.58 ,51.51 ,30.32 
17.10.2007,172.75 ,52.54 ,31.08 
18.10.2007,173.50 ,52.87 ,31.16 
19.10.2007,170.42 ,51.40 ,30.17 
22.10.2007,174.36 ,51.29 ,30.51 
23.10.2007,186.16 ,51.86 ,30.90 
24.10.2007,185.93 ,51.60 ,31.25 
25.10.2007,182.78 ,51.39 ,31.99 
26.10.2007,184.70 ,52.47 ,35.03 
29.10.2007,185.09 ,51.77 ,34.57 
30.10.2007,187.00 ,51.59 ,35.57 
31.10.2007,189.95 ,51.68 ,36.81 
01.11.2007,187.44 ,51.50 ,37.06 
02.11.2007,187.87 ,52.40 ,37.06 
05.11.2007,186.18 ,52.54 ,36.73 
06.11.2007,191.79 ,53.41 ,36.41 
07.11.2007,186.30 ,51.84 ,35.52 
08.11.2007,175.47 ,49.94 ,34.74 
09.11.2007,165.37 ,48.39 ,33.73 
12.11.2007,153.76 ,47.54 ,33.38 
13.11.2007,169.96 ,49.50 ,34.46 
14.11.2007,166.11 ,49.07 ,33.93 
15.11.2007,164.30 ,48.90 ,33.76 
16.11.2007,166.39 ,50.75 ,34.09 
19.11.2007,163.95 ,49.44 ,33.96 
20.11.2007,168.85 ,49.56 ,34.58 
21.11.2007,168.46 ,48.88 ,34.23 
23.11.2007,171.54 ,49.17 ,34.11 
26.11.2007,172.54 ,48.16 ,32.97 
27.11.2007,174.81 ,48.71 ,33.06 
28.11.2007,180.22 ,50.73 ,33.70 
29.11.2007,184.29 ,51.05 ,33.59 
30.11.2007,182.22 ,51.16 ,33.60 
03.12.2007,178.86 ,50.44 ,32.92 
04.12.2007,179.81 ,50.71 ,32.77 
05.12.2007,185.50 ,51.66 ,34.15 
06.12.2007,189.95 ,52.21 ,34.55 
07.12.2007,194.30 ,51.84 ,34.53 
10.12.2007,194.21 ,51.97 ,34.76 
11.12.2007,188.54 ,50.78 ,34.10 
12.12.2007,190.86 ,51.53 ,34.47 
13.12.2007,191.83 ,52.37 ,35.22 
14.12.2007,190.39 ,52.14 ,35.31 
17.12.2007,184.40 ,50.93 ,34.39 
18.12.2007,182.98 ,51.02 ,34.74 
19.12.2007,183.12 ,51.15 ,34.79 
20.12.2007,187.21 ,51.16 ,35.52 
21.12.2007,193.91 ,52.03 ,36.06 
24.12.2007,198.80 ,52.32 ,36.58 
26.12.2007,198.95 ,52.77 ,36.61 
27.12.2007,198.57 ,51.61 ,35.97 
28.12.2007,199.83 ,51.36 ,36.12 
31.12.2007,198.08 ,50.48 ,35.60 
02.01.2008,194.84 ,49.65 ,35.22 
03.01.2008,194.93 ,49.65 ,35.37 
04.01.2008,180.05 ,46.87 ,34.38 
07.01.2008,177.64 ,45.35 ,34.61 
08.01.2008,171.25 ,43.19 ,33.45 
09.01.2008,179.40 ,44.44 ,34.44 
10.01.2008,178.02 ,45.34 ,34.33 
11.01.2008,172.69 ,45.00 ,33.91 
14.01.2008,178.78 ,46.13 ,34.39 
15.01.2008,169.04 ,45.05 ,34.00 
16.01.2008,159.64 ,44.34 ,33.23 
17.01.2008,160.89 ,43.00 ,33.11 
18.01.2008,161.36 ,43.75 ,33.01 
22.01.2008,155.64 ,42.72 ,31.96 
23.01.2008,139.07 ,43.19 ,31.93 
24.01.2008,135.60 ,44.89 ,33.25 
25.01.2008,130.01 ,43.74 ,32.94 
28.01.2008,130.01 ,43.80 ,32.72 
29.01.2008,131.54 ,43.38 ,32.60 
30.01.2008,132.18 ,43.54 ,32.20 
31.01.2008,135.36 ,43.72 ,32.60 
01.02.2008,133.75 ,44.42 ,30.45 
04.02.2008,131.65 ,44.06 ,30.19 
05.02.2008,129.36 ,42.98 ,29.07 
06.02.2008,122.00 ,42.16 ,28.52 
07.02.2008,121.24 ,40.50 ,28.12 
08.02.2008,125.48 ,41.88 ,28.56 
11.02.2008,129.45 ,42.63 ,28.21 
12.02.2008,124.86 ,42.88 ,28.34 
13.02.2008,129.40 ,44.05 ,28.96 
14.02.2008,127.46 ,43.26 ,28.50 
15.02.2008,124.63 ,43.87 ,28.42 
19.02.2008,122.18 ,43.95 ,28.17 
20.02.2008,123.82 ,47.44 ,28.22 
21.02.2008,121.54 ,46.83 ,28.10 
22.02.2008,119.46 ,47.40 ,27.68 
25.02.2008,119.74 ,48.13 ,27.84 
26.02.2008,119.15 ,49.20 ,28.38 
27.02.2008,122.96 ,48.94 ,28.26 
28.02.2008,129.91 ,48.55 ,27.93 
29.02.2008,125.02 ,47.77 ,27.20 
03.03.2008,121.73 ,47.60 ,26.99 
04.03.2008,124.62 ,48.45 ,27.59 
05.03.2008,124.49 ,48.31 ,28.12 
06.03.2008,120.93 ,47.78 ,27.57 
07.03.2008,122.25 ,47.31 ,27.87 
10.03.2008,119.69 ,46.71 ,28.05 
11.03.2008,127.35 ,47.92 ,29.28 
12.03.2008,126.03 ,47.27 ,28.63 
13.03.2008,127.94 ,47.02 ,28.62 
14.03.2008,126.61 ,45.92 ,27.96 
17.03.2008,126.73 ,46.42 ,28.30 
18.03.2008,132.82 ,47.93 ,29.42 
19.03.2008,129.67 ,46.59 ,28.62 
20.03.2008,133.27 ,46.50 ,29.18 
24.03.2008,139.53 ,47.93 ,29.17 
25.03.2008,140.98 ,48.26 ,29.14 
26.03.2008,145.06 ,47.34 ,28.56 
27.03.2008,140.25 ,46.64 ,28.05 
28.03.2008,143.01 ,46.09 ,27.91 
31.03.2008,143.50 ,45.66 ,28.38 
01.04.2008,149.53 ,47.59 ,29.50 
02.04.2008,147.49 ,47.23 ,29.16 
03.04.2008,151.61 ,46.96 ,29.00 
04.04.2008,153.08 ,46.40 ,29.16 
07.04.2008,155.89 ,45.92 ,29.16 
08.04.2008,152.84 ,46.07 ,28.75 
09.04.2008,151.44 ,46.09 ,28.89 
10.04.2008,154.55 ,46.57 ,29.11 
11.04.2008,147.14 ,45.47 ,28.28 
14.04.2008,147.78 ,45.82 ,28.06 
15.04.2008,148.38 ,45.82 ,28.25 
16.04.2008,153.70 ,47.10 ,28.95 
17.04.2008,154.49 ,47.31 ,29.22 
18.04.2008,161.04 ,48.18 ,30.00 
21.04.2008,168.16 ,48.45 ,30.42 
22.04.2008,160.20 ,48.17 ,30.25 
23.04.2008,162.89 ,48.02 ,31.45 
24.04.2008,168.94 ,48.35 ,31.80 
25.04.2008,169.73 ,47.45 ,29.83 
28.04.2008,172.24 ,47.59 ,28.99 
29.04.2008,175.05 ,47.84 ,28.64 
30.04.2008,173.95 ,46.35 ,28.52 
01.05.2008,180.00 ,48.03 ,29.40 
02.05.2008,180.94 ,48.36 ,29.24 
05.05.2008,184.73 ,48.28 ,29.08 
06.05.2008,186.66 ,48.64 ,29.70 
07.05.2008,182.59 ,48.65 ,29.21 
08.05.2008,185.06 ,49.06 ,29.27 
09.05.2008,183.45 ,49.13 ,29.39 
12.05.2008,188.16 ,46.83 ,29.99 
13.05.2008,189.96 ,44.27 ,29.78 
14.05.2008,186.26 ,45.64 ,29.93 
15.05.2008,189.73 ,46.73 ,30.45 
16.05.2008,187.62 ,47.29 ,29.99 
19.05.2008,183.60 ,46.71 ,29.46 
20.05.2008,185.90 ,46.46 ,28.76 
21.05.2008,178.19 ,44.80 ,28.25 
22.05.2008,177.05 ,44.90 ,28.47 
23.05.2008,181.17 ,44.96 ,28.05 
27.05.2008,186.43 ,45.70 ,28.44 
28.05.2008,187.01 ,46.52 ,28.18 
29.05.2008,186.69 ,46.91 ,28.31 
30.05.2008,188.75 ,47.06 ,28.32 
02.06.2008,186.10 ,46.25 ,27.80 
03.06.2008,185.37 ,46.24 ,27.31 
04.06.2008,185.19 ,46.81 ,27.54 
05.06.2008,189.43 ,48.51 ,28.30 
06.06.2008,185.64 ,47.63 ,27.49 
09.06.2008,181.61 ,47.63 ,27.71 
10.06.2008,185.64 ,47.57 ,27.89 
11.06.2008,180.81 ,46.48 ,27.12 
12.06.2008,173.26 ,46.97 ,28.24 
13.06.2008,172.37 ,47.45 ,29.07 
16.06.2008,176.84 ,47.58 ,28.93 
17.06.2008,181.43 ,47.34 ,28.80 
18.06.2008,178.75 ,46.59 ,28.46 
19.06.2008,180.90 ,46.59 ,28.93 
20.06.2008,175.27 ,45.64 ,28.23 
23.06.2008,173.16 ,45.51 ,27.97 
24.06.2008,173.25 ,45.04 ,27.73 
25.06.2008,177.39 ,45.60 ,28.35 
26.06.2008,168.26 ,44.67 ,27.75 
27.06.2008,170.09 ,44.58 ,27.63 
30.06.2008,167.44 ,44.21 ,27.51 
01.07.2008,174.68 ,44.00 ,26.87 
02.07.2008,168.18 ,43.61 ,25.88 
03.07.2008,170.12 ,43.44 ,25.98 
07.07.2008,175.16 ,44.00 ,26.03 
08.07.2008,179.55 ,43.45 ,25.85 
09.07.2008,174.25 ,42.21 ,25.23 
10.07.2008,176.63 ,41.45 ,25.45 
11.07.2008,172.58 ,41.59 ,25.25 
14.07.2008,173.88 ,41.79 ,25.15 
15.07.2008,169.64 ,41.65 ,26.15 
16.07.2008,172.81 ,42.34 ,27.26 
17.07.2008,171.81 ,43.23 ,27.52 
18.07.2008,165.15 ,43.42 ,25.86 
21.07.2008,166.29 ,43.35 ,25.64 
22.07.2008,162.02 ,43.53 ,25.80 
23.07.2008,166.26 ,44.28 ,26.43 
24.07.2008,159.03 ,43.38 ,25.44 
25.07.2008,162.12 ,43.71 ,26.16 
28.07.2008,154.40 ,43.00 ,25.50 
29.07.2008,157.08 ,44.13 ,26.11 
30.07.2008,159.88 ,45.06 ,26.23 
31.07.2008,158.95 ,44.80 ,25.72 
01.08.2008,156.66 ,43.96 ,25.44 
04.08.2008,153.23 ,43.94 ,25.28 
05.08.2008,160.64 ,45.00 ,26.21 
06.08.2008,164.19 ,45.15 ,27.02 
07.08.2008,163.57 ,45.51 ,27.39 
08.08.2008,169.55 ,45.82 ,28.13 
11.08.2008,173.56 ,45.73 ,27.90 
12.08.2008,176.73 ,45.68 ,28.12 
13.08.2008,179.30 ,45.61 ,27.91 
14.08.2008,179.32 ,45.50 ,27.91 
15.08.2008,175.74 ,45.59 ,27.81 
18.08.2008,175.39 ,44.60 ,27.69 
19.08.2008,173.53 ,43.69 ,27.32 
20.08.2008,175.84 ,46.16 ,27.29 
21.08.2008,174.29 ,46.45 ,27.18 
22.08.2008,176.79 ,47.06 ,27.84 
25.08.2008,172.55 ,46.81 ,27.66 
26.08.2008,173.64 ,46.86 ,27.27 
27.08.2008,174.67 ,46.80 ,27.56 
28.08.2008,173.74 ,47.33 ,27.94 
29.08.2008,169.53 ,46.92 ,27.29 
02.09.2008,166.19 ,46.00 ,27.10 
03.09.2008,166.96 ,45.09 ,26.90 
04.09.2008,161.22 ,44.46 ,26.35 
05.09.2008,160.18 ,44.96 ,25.65 
08.09.2008,157.92 ,45.74 ,26.12 
09.09.2008,151.68 ,46.01 ,26.10 
10.09.2008,151.61 ,46.76 ,26.44 
11.09.2008,152.65 ,47.19 ,27.34 
12.09.2008,148.94 ,46.97 ,27.62 
15.09.2008,140.36 ,45.33 ,26.82 
16.09.2008,139.88 ,48.41 ,25.99 
17.09.2008,127.83 ,45.75 ,24.57 
18.09.2008,134.09 ,47.14 ,25.26 
19.09.2008,140.91 ,48.26 ,25.16 
22.09.2008,131.05 ,47.16 ,25.40 
23.09.2008,126.84 ,46.88 ,25.44 
24.09.2008,128.71 ,46.78 ,25.72 
25.09.2008,131.93 ,47.70 ,26.61 
26.09.2008,128.24 ,47.81 ,27.40 
29.09.2008,105.26 ,44.55 ,25.01 
30.09.2008,113.66 ,46.24 ,26.69 
01.10.2008,109.12 ,44.97 ,26.48 
02.10.2008,100.10 ,43.26 ,26.25 
03.10.2008,97.07 ,43.00 ,26.32 
06.10.2008,98.14 ,40.95 ,24.91 
07.10.2008,89.16 ,39.68 ,23.23 
08.10.2008,89.79 ,40.00 ,23.01 
09.10.2008,88.74 ,38.50 ,22.30 
10.10.2008,96.80 ,37.00 ,21.50 
13.10.2008,110.26 ,41.40 ,25.50 
14.10.2008,104.08 ,40.47 ,24.10 
15.10.2008,97.95 ,38.61 ,22.66 
16.10.2008,101.89 ,39.66 ,24.19 
17.10.2008,97.40 ,39.71 ,23.93 
20.10.2008,98.44 ,41.01 ,24.72 
21.10.2008,91.49 ,38.05 ,23.36 
22.10.2008,96.87 ,35.23 ,21.53 
23.10.2008,98.23 ,33.15 ,22.32 
24.10.2008,96.38 ,32.44 ,21.96 
27.10.2008,92.09 ,31.18 ,21.18 
28.10.2008,99.91 ,35.09 ,23.10 
29.10.2008,104.55 ,35.40 ,23.00 
30.10.2008,111.04 ,37.69 ,22.63 
31.10.2008,107.59 ,38.28 ,22.33 
03.11.2008,106.96 ,38.61 ,22.62 
04.11.2008,110.99 ,38.24 ,23.53 
05.11.2008,103.30 ,36.25 ,22.08 
06.11.2008,99.10 ,33.64 ,20.88 
07.11.2008,98.24 ,34.64 ,21.50 
10.11.2008,95.88 ,34.17 ,21.30 
11.11.2008,94.77 ,33.25 ,21.20 
12.11.2008,90.12 ,31.14 ,20.30 
13.11.2008,96.44 ,31.71 ,21.25 
14.11.2008,90.24 ,30.46 ,20.06 
17.11.2008,88.14 ,29.34 ,19.32 
18.11.2008,89.91 ,33.59 ,19.62 
19.11.2008,86.29 ,33.03 ,18.29 
20.11.2008,80.49 ,31.83 ,17.53 
21.11.2008,82.58 ,34.64 ,19.68 
24.11.2008,92.95 ,35.70 ,20.69 
25.11.2008,90.80 ,33.60 ,19.99 
26.11.2008,95.00 ,35.21 ,20.49 
28.11.2008,92.67 ,35.28 ,20.22 
01.12.2008,88.93 ,33.44 ,18.61 
02.12.2008,92.47 ,34.27 ,19.15 
03.12.2008,95.90 ,34.82 ,19.87 
04.12.2008,91.41 ,33.39 ,19.11 
05.12.2008,94.00 ,33.53 ,19.87 
08.12.2008,99.72 ,35.23 ,21.01 
09.12.2008,100.06 ,34.51 ,20.60 
10.12.2008,98.21 ,35.10 ,20.61 
11.12.2008,95.00 ,34.78 ,19.45 
12.12.2008,98.27 ,35.97 ,19.36 
15.12.2008,94.75 ,34.82 ,19.04 
16.12.2008,95.43 ,36.32 ,20.11 
17.12.2008,89.16 ,36.47 ,19.66 
18.12.2008,89.43 ,35.37 ,19.30 
19.12.2008,90.00 ,35.40 ,19.12 
22.12.2008,85.74 ,34.75 ,19.18 
23.12.2008,86.38 ,34.55 ,19.28 
24.12.2008,85.04 ,34.68 ,19.17 
26.12.2008,85.81 ,34.97 ,19.13 
29.12.2008,86.61 ,35.58 ,18.96 
30.12.2008,86.29 ,36.19 ,19.34 
31.12.2008,85.35 ,36.29 ,19.44 
02.01.2009,90.75 ,36.81 ,20.33 
05.01.2009,94.58 ,36.33 ,20.52 
06.01.2009,93.02 ,39.31 ,20.76 
07.01.2009,91.01 ,37.84 ,19.51 
08.01.2009,92.70 ,37.64 ,20.12 
09.01.2009,90.58 ,37.49 ,19.52 
12.01.2009,88.66 ,36.98 ,19.47 
13.01.2009,87.71 ,35.83 ,19.82 
14.01.2009,85.33 ,35.39 ,19.09 
15.01.2009,83.38 ,35.75 ,19.24 
16.01.2009,82.33 ,34.77 ,19.71 
20.01.2009,78.20 ,33.34 ,18.48 
21.01.2009,82.83 ,35.11 ,19.38 
22.01.2009,88.36 ,35.49 ,17.11 
23.01.2009,88.36 ,35.79 ,17.20 
26.01.2009,89.64 ,35.57 ,17.63 
27.01.2009,90.73 ,35.89 ,17.66 
28.01.2009,94.20 ,37.41 ,18.04 
29.01.2009,93.00 ,35.93 ,17.59 
30.01.2009,90.13 ,34.75 ,17.10 
02.02.2009,91.51 ,34.66 ,17.83 
03.02.2009,92.98 ,36.10 ,18.50 
04.02.2009,93.55 ,36.03 ,18.63 
05.02.2009,96.46 ,35.09 ,19.04 
06.02.2009,99.72 ,36.85 ,19.66 
09.02.2009,102.51 ,36.33 ,19.44 
10.02.2009,97.83 ,35.21 ,18.80 
11.02.2009,96.82 ,35.08 ,19.21 
12.02.2009,99.27 ,35.24 ,19.26 
13.02.2009,99.16 ,35.87 ,19.09 
17.02.2009,94.53 ,34.34 ,18.09 
18.02.2009,94.37 ,34.08 ,18.12 
19.02.2009,90.64 ,31.39 ,17.91 
20.02.2009,91.20 ,31.24 ,18.00 
23.02.2009,86.95 ,29.28 ,17.21 
24.02.2009,90.25 ,29.62 ,17.17 
25.02.2009,91.16 ,30.12 ,16.96 
26.02.2009,89.19 ,30.24 ,16.42 
27.02.2009,89.31 ,29.03 ,16.15 
02.03.2009,87.94 ,28.07 ,15.79 
03.03.2009,88.37 ,28.17 ,15.88 
04.03.2009,91.17 ,28.65 ,16.12 
05.03.2009,88.84 ,27.08 ,15.27 
06.03.2009,85.30 ,26.98 ,15.28 
09.03.2009,83.11 ,25.53 ,15.15 
10.03.2009,88.63 ,27.04 ,16.48 
11.03.2009,92.68 ,28.61 ,17.11 
12.03.2009,96.35 ,29.34 ,17.01 
13.03.2009,95.93 ,29.45 ,16.65 
16.03.2009,95.42 ,29.02 ,16.25 
17.03.2009,99.66 ,29.75 ,16.90 
18.03.2009,101.52 ,28.99 ,16.96 
19.03.2009,101.62 ,29.10 ,17.14 
20.03.2009,101.59 ,28.85 ,17.06 
23.03.2009,107.66 ,31.19 ,18.33 
24.03.2009,106.50 ,30.62 ,17.93 
25.03.2009,106.49 ,31.01 ,17.88 
26.03.2009,109.87 ,33.20 ,18.83 
27.03.2009,106.85 ,33.33 ,18.13 
30.03.2009,104.49 ,32.12 ,17.48 
31.03.2009,105.12 ,32.06 ,18.37 
01.04.2009,108.69 ,32.88 ,19.31 
02.04.2009,112.71 ,33.69 ,19.29 
03.04.2009,115.99 ,34.15 ,18.75 
06.04.2009,118.45 ,33.76 ,18.76 
07.04.2009,115.00 ,33.31 ,18.76 
08.04.2009,116.32 ,33.06 ,19.19 
09.04.2009,119.57 ,34.43 ,19.67 
13.04.2009,120.22 ,34.52 ,19.59 
14.04.2009,118.31 ,34.12 ,19.35 
15.04.2009,117.64 ,34.85 ,18.83 
16.04.2009,121.45 ,36.60 ,19.76 
17.04.2009,123.42 ,36.30 ,19.20 
20.04.2009,120.50 ,34.68 ,18.61 
21.04.2009,121.76 ,35.43 ,18.97 
22.04.2009,121.51 ,34.68 ,18.78 
23.04.2009,125.40 ,34.76 ,18.92 
24.04.2009,123.90 ,35.80 ,20.91 
27.04.2009,124.73 ,35.45 ,20.40 
28.04.2009,123.90 ,35.42 ,19.93 
29.04.2009,125.14 ,36.45 ,20.25 
30.04.2009,125.83 ,35.98 ,20.26 
01.05.2009,127.24 ,36.52 ,20.24 
04.05.2009,132.07 ,37.14 ,20.19 
05.05.2009,132.71 ,36.80 ,19.79 
06.05.2009,132.50 ,36.33 ,19.79 
07.05.2009,129.06 ,34.53 ,19.32 
08.05.2009,129.19 ,34.68 ,19.42 
11.05.2009,129.57 ,35.03 ,19.32 
12.05.2009,124.42 ,34.99 ,19.89 
13.05.2009,119.49 ,34.21 ,19.75 
14.05.2009,122.95 ,34.93 ,20.06 
15.05.2009,122.42 ,35.01 ,20.22 
18.05.2009,126.65 ,35.73 ,20.60 
19.05.2009,127.45 ,36.58 ,20.31 
20.05.2009,125.87 ,34.67 ,20.38 
21.05.2009,124.18 ,34.22 ,19.82 
22.05.2009,122.50 ,34.14 ,19.75 
26.05.2009,130.78 ,34.47 ,20.34 
27.05.2009,133.05 ,34.34 ,20.13 
28.05.2009,135.07 ,34.70 ,20.45 
29.05.2009,135.81 ,34.35 ,20.89 
01.06.2009,139.35 ,36.00 ,21.40 
02.06.2009,139.49 ,35.84 ,21.40 
03.06.2009,140.95 ,35.63 ,21.73 
04.06.2009,143.74 ,36.09 ,21.83 
05.06.2009,144.67 ,37.35 ,22.14 
08.06.2009,143.85 ,37.41 ,22.05 
09.06.2009,142.72 ,36.84 ,22.08 
10.06.2009,140.25 ,36.79 ,22.55 
11.06.2009,139.95 ,37.23 ,22.83 
12.06.2009,136.97 ,37.76 ,23.33 
15.06.2009,136.09 ,37.08 ,23.42 
16.06.2009,136.35 ,36.84 ,23.45 
17.06.2009,135.58 ,37.42 ,23.68 
18.06.2009,135.88 ,37.55 ,23.50 
19.06.2009,139.48 ,38.35 ,24.07 
22.06.2009,137.37 ,37.74 ,23.28 
23.06.2009,134.01 ,37.36 ,23.34 
24.06.2009,136.22 ,37.22 ,23.47 
25.06.2009,139.86 ,38.12 ,23.79 
26.06.2009,142.44 ,37.61 ,23.35 
29.06.2009,141.97 ,38.98 ,23.86 
30.06.2009,142.43 ,38.65 ,23.77 
01.07.2009,142.83 ,38.68 ,24.04 
02.07.2009,140.02 ,37.85 ,23.37 
06.07.2009,138.61 ,37.73 ,23.20 
07.07.2009,135.40 ,36.84 ,22.53 
08.07.2009,137.22 ,37.21 ,22.56 
09.07.2009,136.36 ,37.30 ,22.44 
10.07.2009,138.52 ,37.24 ,22.39 
13.07.2009,142.34 ,37.30 ,23.23 
14.07.2009,142.27 ,37.14 ,23.11 
15.07.2009,146.88 ,38.82 ,24.12 
16.07.2009,147.52 ,39.67 ,24.44 
17.07.2009,151.75 ,39.98 ,24.29 
20.07.2009,152.91 ,40.43 ,24.53 
21.07.2009,151.51 ,40.57 ,24.83 
22.07.2009,156.74 ,40.80 ,24.80 
23.07.2009,157.82 ,41.64 ,25.56 
24.07.2009,159.99 ,41.72 ,23.45 
27.07.2009,160.10 ,41.84 ,23.11 
28.07.2009,160.00 ,41.98 ,23.47 
29.07.2009,160.03 ,42.19 ,23.80 
30.07.2009,162.79 ,42.71 ,23.81 
31.07.2009,163.39 ,43.30 ,23.52 
03.08.2009,166.43 ,43.38 ,23.83 
04.08.2009,165.55 ,43.42 ,23.77 
05.08.2009,165.11 ,43.26 ,23.81 
06.08.2009,163.91 ,42.21 ,23.46 
07.08.2009,165.51 ,43.54 ,23.56 
10.08.2009,164.72 ,43.67 ,23.42 
11.08.2009,162.83 ,43.39 ,23.13 
12.08.2009,165.31 ,44.18 ,23.53 
13.08.2009,168.42 ,44.35 ,23.62 
14.08.2009,166.78 ,44.09 ,23.69 
17.08.2009,159.59 ,43.11 ,23.25 
18.08.2009,164.00 ,43.96 ,23.58 
19.08.2009,164.60 ,43.83 ,23.65 
20.08.2009,166.33 ,43.98 ,23.67 
21.08.2009,169.22 ,44.78 ,24.41 
24.08.2009,169.06 ,44.79 ,24.64 
25.08.2009,169.40 ,44.68 ,24.64 
26.08.2009,167.41 ,44.48 ,24.55 
27.08.2009,169.45 ,44.81 ,24.69 
28.08.2009,170.05 ,44.76 ,24.68 
31.08.2009,168.21 ,44.89 ,24.65 
01.09.2009,165.30 ,43.87 ,24.00 
02.09.2009,165.18 ,44.25 ,23.86 
03.09.2009,166.55 ,44.45 ,24.11 
04.09.2009,170.31 ,45.10 ,24.62 
08.09.2009,172.93 ,45.47 ,24.82 
09.09.2009,171.14 ,45.98 ,24.78 
10.09.2009,172.56 ,46.50 ,25.00 
11.09.2009,172.16 ,46.10 ,24.86 
14.09.2009,173.72 ,45.70 ,25.00 
15.09.2009,175.16 ,45.64 ,25.20 
16.09.2009,181.87 ,45.64 ,25.20 
17.09.2009,184.55 ,45.71 ,25.30 
18.09.2009,185.02 ,46.15 ,25.26 
21.09.2009,184.02 ,46.35 ,25.30 
22.09.2009,184.48 ,47.01 ,25.77 
23.09.2009,185.50 ,46.93 ,25.71 
24.09.2009,183.82 ,46.87 ,25.94 
25.09.2009,182.37 ,47.02 ,25.55 
28.09.2009,186.15 ,47.88 ,25.83 
29.09.2009,185.38 ,47.44 ,25.75 
30.09.2009,185.35 ,47.21 ,25.72 
01.10.2009,180.86 ,45.96 ,24.88 
02.10.2009,184.90 ,45.28 ,24.96 
05.10.2009,186.02 ,46.07 ,24.64 
06.10.2009,190.01 ,47.01 ,25.11 
07.10.2009,190.25 ,46.56 ,25.10 
08.10.2009,189.27 ,46.46 ,25.67 
09.10.2009,190.47 ,47.38 ,25.55 
12.10.2009,190.81 ,47.04 ,25.72 
13.10.2009,190.02 ,46.69 ,25.81 
14.10.2009,191.29 ,47.89 ,25.96 
15.10.2009,190.56 ,48.00 ,26.71 
16.10.2009,188.05 ,48.37 ,26.50 
19.10.2009,189.86 ,48.47 ,26.36 
20.10.2009,198.76 ,48.74 ,26.37 
21.10.2009,204.92 ,48.22 ,26.58 
22.10.2009,205.20 ,48.32 ,26.59 
23.10.2009,203.94 ,48.56 ,28.02 
26.10.2009,202.48 ,47.86 ,28.68 
27.10.2009,197.37 ,47.30 ,28.59 
28.10.2009,192.40 ,46.93 ,28.02 
29.10.2009,196.35 ,48.35 ,28.22 
30.10.2009,188.50 ,47.46 ,27.73 
02.11.2009,189.31 ,48.16 ,27.88 
03.11.2009,188.75 ,47.51 ,27.53 
04.11.2009,190.81 ,47.76 ,28.06 
